date,cash,holdings_value,total_value,AAPL_shares
2022-01-03,10000.0,0.0,10000.0,0.0
2022-01-04,10000.0,0.0,10000.0,0.0
2022-01-05,10000.0,0.0,10000.0,0.0
2022-01-06,10000.0,0.0,10000.0,0.0
2022-01-07,10000.0,0.0,10000.0,0.0
2022-01-10,10000.0,0.0,10000.0,0.0
2022-01-11,10000.0,0.0,10000.0,0.0
2022-01-12,10000.0,0.0,10000.0,0.0
2022-01-13,10000.0,0.0,10000.0,0.0
2022-01-14,10000.0,0.0,10000.0,0.0
2022-01-18,10000.0,0.0,10000.0,0.0
2022-01-19,10000.0,0.0,10000.0,0.0
2022-01-20,10000.0,0.0,10000.0,0.0
2022-01-21,10000.0,0.0,10000.0,0.0
2022-01-24,10000.0,0.0,10000.0,0.0
2022-01-25,10000.0,0.0,10000.0,0.0
2022-01-26,10000.0,0.0,10000.0,0.0
2022-01-27,10000.0,0.0,10000.0,0.0
2022-01-28,10000.0,0.0,10000.0,0.0
2022-01-31,10000.0,0.0,10000.0,0.0
2022-02-01,10000.0,0.0,10000.0,0.0
2022-02-02,10000.0,0.0,10000.0,0.0
2022-02-03,10000.0,0.0,10000.0,0.0
2022-02-04,10000.0,0.0,10000.0,0.0
2022-02-07,10000.0,0.0,10000.0,0.0
2022-02-08,10000.0,0.0,10000.0,0.0
2022-02-09,10000.0,0.0,10000.0,0.0
2022-02-10,10000.0,0.0,10000.0,0.0
2022-02-11,10000.0,0.0,10000.0,0.0
2022-02-14,10000.0,0.0,10000.0,0.0
2022-02-15,10000.0,0.0,10000.0,0.0
2022-02-16,10000.0,0.0,10000.0,0.0
2022-02-17,10000.0,0.0,10000.0,0.0
2022-02-18,10000.0,0.0,10000.0,0.0
2022-02-22,10000.0,0.0,10000.0,0.0
2022-02-23,10000.0,0.0,10000.0,0.0
2022-02-24,10000.0,0.0,10000.0,0.0
2022-02-25,10000.0,0.0,10000.0,0.0
2022-02-28,10000.0,0.0,10000.0,0.0
2022-03-01,10000.0,0.0,10000.0,0.0
2022-03-02,10000.0,0.0,10000.0,0.0
2022-03-03,10000.0,0.0,10000.0,0.0
2022-03-04,10000.0,0.0,10000.0,0.0
2022-03-07,10000.0,0.0,10000.0,0.0
2022-03-08,10000.0,0.0,10000.0,0.0
2022-03-09,10000.0,0.0,10000.0,0.0
2022-03-10,10000.0,0.0,10000.0,0.0
2022-03-11,10000.0,0.0,10000.0,0.0
2022-03-14,10000.0,0.0,10000.0,0.0
2022-03-15,10000.0,0.0,10000.0,0.0
2022-03-16,10000.0,0.0,10000.0,0.0
2022-03-17,10000.0,0.0,10000.0,0.0
2022-03-18,10000.0,0.0,10000.0,0.0
2022-03-21,10000.0,0.0,10000.0,0.0
2022-03-22,10000.0,0.0,10000.0,0.0
2022-03-23,10000.0,0.0,10000.0,0.0
2022-03-24,10000.0,0.0,10000.0,0.0
2022-03-25,10000.0,0.0,10000.0,0.0
2022-03-28,10000.0,0.0,10000.0,0.0
2022-03-29,10000.0,0.0,10000.0,0.0
2022-03-30,10000.0,0.0,10000.0,0.0
2022-03-31,10000.0,0.0,10000.0,0.0
2022-04-01,10000.0,0.0,10000.0,0.0
2022-04-04,10000.0,0.0,10000.0,0.0
2022-04-05,10000.0,0.0,10000.0,0.0
2022-04-06,10000.0,0.0,10000.0,0.0
2022-04-07,10000.0,0.0,10000.0,0.0
2022-04-08,10000.0,0.0,10000.0,0.0
2022-04-11,10000.0,0.0,10000.0,0.0
2022-04-12,10000.0,0.0,10000.0,0.0
2022-04-13,10000.0,0.0,10000.0,0.0
2022-04-14,10000.0,0.0,10000.0,0.0
2022-04-18,10000.0,0.0,10000.0,0.0
2022-04-19,10000.0,0.0,10000.0,0.0
2022-04-20,10000.0,0.0,10000.0,0.0
2022-04-21,10000.0,0.0,10000.0,0.0
2022-04-22,10000.0,0.0,10000.0,0.0
2022-04-25,10000.0,0.0,10000.0,0.0
2022-04-26,10000.0,0.0,10000.0,0.0
2022-04-27,10000.0,0.0,10000.0,0.0
2022-04-28,10000.0,0.0,10000.0,0.0
2022-04-29,10000.0,0.0,10000.0,0.0
2022-05-02,10000.0,0.0,10000.0,0.0
2022-05-03,10000.0,0.0,10000.0,0.0
2022-05-04,10000.0,0.0,10000.0,0.0
2022-05-05,10000.0,0.0,10000.0,0.0
2022-05-06,10000.0,0.0,10000.0,0.0
2022-05-09,10000.0,0.0,10000.0,0.0
2022-05-10,10000.0,0.0,10000.0,0.0
2022-05-11,10000.0,0.0,10000.0,0.0
2022-05-12,10000.0,0.0,10000.0,0.0
2022-05-13,10000.0,0.0,10000.0,0.0
2022-05-16,10000.0,0.0,10000.0,0.0
2022-05-17,10000.0,0.0,10000.0,0.0
2022-05-18,10000.0,0.0,10000.0,0.0
2022-05-19,10000.0,0.0,10000.0,0.0
2022-05-20,10000.0,0.0,10000.0,0.0
2022-05-23,10000.0,0.0,10000.0,0.0
2022-05-24,10000.0,0.0,10000.0,0.0
2022-05-25,10000.0,0.0,10000.0,0.0
2022-05-26,10000.0,0.0,10000.0,0.0
2022-05-27,10000.0,0.0,10000.0,0.0
2022-05-31,10000.0,0.0,10000.0,0.0
2022-06-01,10000.0,0.0,10000.0,0.0
2022-06-02,10000.0,0.0,10000.0,0.0
2022-06-03,10000.0,0.0,10000.0,0.0
2022-06-06,10000.0,0.0,10000.0,0.0
2022-06-07,10000.0,0.0,10000.0,0.0
2022-06-08,10000.0,0.0,10000.0,0.0
2022-06-09,10000.0,0.0,10000.0,0.0
2022-06-10,10000.0,0.0,10000.0,0.0
2022-06-13,10000.0,0.0,10000.0,0.0
2022-06-14,10000.0,0.0,10000.0,0.0
2022-06-15,10000.0,0.0,10000.0,0.0
2022-06-16,10000.0,0.0,10000.0,0.0
2022-06-17,10000.0,0.0,10000.0,0.0
2022-06-21,10000.0,0.0,10000.0,0.0
2022-06-22,10000.0,0.0,10000.0,0.0
2022-06-23,10000.0,0.0,10000.0,0.0
2022-06-24,10000.0,0.0,10000.0,0.0
2022-06-27,10000.0,0.0,10000.0,0.0
2022-06-28,10000.0,0.0,10000.0,0.0
2022-06-29,10000.0,0.0,10000.0,0.0
2022-06-30,10000.0,0.0,10000.0,0.0
2022-07-01,10000.0,0.0,10000.0,0.0
2022-07-05,10000.0,0.0,10000.0,0.0
2022-07-06,10000.0,0.0,10000.0,0.0
2022-07-07,10000.0,0.0,10000.0,0.0
2022-07-08,10000.0,0.0,10000.0,0.0
2022-07-11,10000.0,0.0,10000.0,0.0
2022-07-12,10000.0,0.0,10000.0,0.0
2022-07-13,10000.0,0.0,10000.0,0.0
2022-07-14,10000.0,0.0,10000.0,0.0
2022-07-15,10000.0,0.0,10000.0,0.0
2022-07-18,10000.0,0.0,10000.0,0.0
2022-07-19,10000.0,0.0,10000.0,0.0
2022-07-20,10000.0,0.0,10000.0,0.0
2022-07-21,10000.0,0.0,10000.0,0.0
2022-07-22,10000.0,0.0,10000.0,0.0
2022-07-25,10000.0,0.0,10000.0,0.0
2022-07-26,10000.0,0.0,10000.0,0.0
2022-07-27,10000.0,0.0,10000.0,0.0
2022-07-28,10000.0,0.0,10000.0,0.0
2022-07-29,10000.0,0.0,10000.0,0.0
2022-08-01,10000.0,0.0,10000.0,0.0
2022-08-02,10000.0,0.0,10000.0,0.0
2022-08-03,6509.525532409668,3488.7301025390625,9998.255634948731,21.0
2022-08-04,6509.525532409668,3482.0099487304688,9991.535481140138,21.0
2022-08-05,6509.525532409668,3472.350128173828,9981.875660583497,21.0
2022-08-08,6509.525532409668,3462.2698974609375,9971.795429870606,21.0
2022-08-09,6509.525532409668,3463.3199615478516,9972.84549395752,21.0
2022-08-10,6509.525532409668,3554.0401153564453,10063.565647766114,21.0
2022-08-11,6509.525532409668,3538.2901153564453,10047.815647766114,21.0
2022-08-12,6509.525532409668,3614.100128173828,10123.625660583497,21.0
2022-08-15,6509.525532409668,3636.9900512695312,10146.5155836792,21.0
2022-08-16,6509.525532409668,3633.6299743652344,10143.155506774903,21.0
2022-08-17,6509.525532409668,3665.550064086914,10175.075596496583,21.0
2022-08-18,6509.525532409668,3657.149871826172,10166.67540423584,21.0
2022-08-19,6509.525532409668,3601.9200897216797,10111.445622131349,21.0
2022-08-22,6509.525532409668,3518.9701538085938,10028.495686218263,21.0
2022-08-23,6509.525532409668,3511.8299102783203,10021.35544268799,21.0
2022-08-24,6509.525532409668,3518.1299743652344,10027.655506774903,21.0
2022-08-25,6509.525532409668,3570.6299743652344,10080.155506774903,21.0
2022-08-26,6509.525532409668,3436.0198974609375,9945.545429870606,21.0
2022-08-29,6509.525532409668,3388.9801025390625,9898.505634948731,21.0
2022-08-30,6509.525532409668,3337.110076904297,9846.635609313966,21.0
2022-08-31,6509.525532409668,3301.6200256347656,9811.145558044434,21.0
2022-09-01,6509.525532409668,3317.160140991211,9826.68567340088,21.0
2022-09-02,6509.525532409668,3272.0099487304688,9781.535481140138,21.0
2022-09-06,6509.525532409668,3245.1299743652344,9754.655506774903,21.0
2022-09-07,6509.525532409668,3275.160140991211,9784.68567340088,21.0
2022-09-08,6509.525532409668,3243.660140991211,9753.18567340088,21.0
2022-09-09,6509.525532409668,3304.7698974609375,9814.295429870606,21.0
2022-09-12,6509.525532409668,3432.0298461914062,9941.555378601075,21.0
2022-09-13,6509.525532409668,3230.639923095703,9740.165455505372,21.0
2022-09-14,6509.525532409668,3261.5099487304688,9771.035481140138,21.0
2022-09-15,9707.695544921875,0.0,9707.695544921875,0.0
2022-09-16,9707.695544921875,0.0,9707.695544921875,0.0
2022-09-19,9707.695544921875,0.0,9707.695544921875,0.0
2022-09-20,9707.695544921875,0.0,9707.695544921875,0.0
2022-09-21,9707.695544921875,0.0,9707.695544921875,0.0
2022-09-22,9707.695544921875,0.0,9707.695544921875,0.0
2022-09-23,9707.695544921875,0.0,9707.695544921875,0.0
2022-09-26,9707.695544921875,0.0,9707.695544921875,0.0
2022-09-27,9707.695544921875,0.0,9707.695544921875,0.0
2022-09-28,9707.695544921875,0.0,9707.695544921875,0.0
2022-09-29,9707.695544921875,0.0,9707.695544921875,0.0
2022-09-30,9707.695544921875,0.0,9707.695544921875,0.0
2022-10-03,9707.695544921875,0.0,9707.695544921875,0.0
2022-10-04,9707.695544921875,0.0,9707.695544921875,0.0
2022-10-05,9707.695544921875,0.0,9707.695544921875,0.0
2022-10-06,9707.695544921875,0.0,9707.695544921875,0.0
2022-10-07,9707.695544921875,0.0,9707.695544921875,0.0
2022-10-10,9707.695544921875,0.0,9707.695544921875,0.0
2022-10-11,9707.695544921875,0.0,9707.695544921875,0.0
2022-10-12,9707.695544921875,0.0,9707.695544921875,0.0
2022-10-13,9707.695544921875,0.0,9707.695544921875,0.0
2022-10-14,9707.695544921875,0.0,9707.695544921875,0.0
2022-10-17,9707.695544921875,0.0,9707.695544921875,0.0
2022-10-18,9707.695544921875,0.0,9707.695544921875,0.0
2022-10-19,9707.695544921875,0.0,9707.695544921875,0.0
2022-10-20,9707.695544921875,0.0,9707.695544921875,0.0
2022-10-21,9707.695544921875,0.0,9707.695544921875,0.0
2022-10-24,9707.695544921875,0.0,9707.695544921875,0.0
2022-10-25,9707.695544921875,0.0,9707.695544921875,0.0
2022-10-26,9707.695544921875,0.0,9707.695544921875,0.0
2022-10-27,9707.695544921875,0.0,9707.695544921875,0.0
2022-10-28,9707.695544921875,0.0,9707.695544921875,0.0
2022-10-31,9707.695544921875,0.0,9707.695544921875,0.0
2022-11-01,9707.695544921875,0.0,9707.695544921875,0.0
2022-11-02,9707.695544921875,0.0,9707.695544921875,0.0
2022-11-03,9707.695544921875,0.0,9707.695544921875,0.0
2022-11-04,9707.695544921875,0.0,9707.695544921875,0.0
2022-11-07,9707.695544921875,0.0,9707.695544921875,0.0
2022-11-08,9707.695544921875,0.0,9707.695544921875,0.0
2022-11-09,9707.695544921875,0.0,9707.695544921875,0.0
2022-11-10,9707.695544921875,0.0,9707.695544921875,0.0
2022-11-11,9707.695544921875,0.0,9707.695544921875,0.0
2022-11-14,9707.695544921875,0.0,9707.695544921875,0.0
2022-11-15,9707.695544921875,0.0,9707.695544921875,0.0
2022-11-16,9707.695544921875,0.0,9707.695544921875,0.0
2022-11-17,9707.695544921875,0.0,9707.695544921875,0.0
2022-11-18,9707.695544921875,0.0,9707.695544921875,0.0
2022-11-21,9707.695544921875,0.0,9707.695544921875,0.0
2022-11-22,9707.695544921875,0.0,9707.695544921875,0.0
2022-11-23,9707.695544921875,0.0,9707.695544921875,0.0
2022-11-25,9707.695544921875,0.0,9707.695544921875,0.0
2022-11-28,9707.695544921875,0.0,9707.695544921875,0.0
2022-11-29,9707.695544921875,0.0,9707.695544921875,0.0
2022-11-30,9707.695544921875,0.0,9707.695544921875,0.0
2022-12-01,9707.695544921875,0.0,9707.695544921875,0.0
2022-12-02,9707.695544921875,0.0,9707.695544921875,0.0
2022-12-05,9707.695544921875,0.0,9707.695544921875,0.0
2022-12-06,9707.695544921875,0.0,9707.695544921875,0.0
2022-12-07,9707.695544921875,0.0,9707.695544921875,0.0
2022-12-08,9707.695544921875,0.0,9707.695544921875,0.0
2022-12-09,9707.695544921875,0.0,9707.695544921875,0.0
2022-12-12,9707.695544921875,0.0,9707.695544921875,0.0
2022-12-13,9707.695544921875,0.0,9707.695544921875,0.0
2022-12-14,9707.695544921875,0.0,9707.695544921875,0.0
2022-12-15,9707.695544921875,0.0,9707.695544921875,0.0
2022-12-16,9707.695544921875,0.0,9707.695544921875,0.0
2022-12-19,9707.695544921875,0.0,9707.695544921875,0.0
2022-12-20,9707.695544921875,0.0,9707.695544921875,0.0
2022-12-21,9707.695544921875,0.0,9707.695544921875,0.0
2022-12-22,9707.695544921875,0.0,9707.695544921875,0.0
2022-12-23,9707.695544921875,0.0,9707.695544921875,0.0
2022-12-27,9707.695544921875,0.0,9707.695544921875,0.0
2022-12-28,9707.695544921875,0.0,9707.695544921875,0.0
2022-12-29,9707.695544921875,0.0,9707.695544921875,0.0
2022-12-30,9707.695544921875,0.0,9707.695544921875,0.0
2023-01-03,9707.695544921875,0.0,9707.695544921875,0.0
2023-01-04,9707.695544921875,0.0,9707.695544921875,0.0
2023-01-05,9707.695544921875,0.0,9707.695544921875,0.0
2023-01-06,9707.695544921875,0.0,9707.695544921875,0.0
2023-01-09,9707.695544921875,0.0,9707.695544921875,0.0
2023-01-10,9707.695544921875,0.0,9707.695544921875,0.0
2023-01-11,9707.695544921875,0.0,9707.695544921875,0.0
2023-01-12,9707.695544921875,0.0,9707.695544921875,0.0
2023-01-13,9707.695544921875,0.0,9707.695544921875,0.0
2023-01-17,9707.695544921875,0.0,9707.695544921875,0.0
2023-01-18,9707.695544921875,0.0,9707.695544921875,0.0
2023-01-19,9707.695544921875,0.0,9707.695544921875,0.0
2023-01-20,9707.695544921875,0.0,9707.695544921875,0.0
2023-01-23,9707.695544921875,0.0,9707.695544921875,0.0
2023-01-24,9707.695544921875,0.0,9707.695544921875,0.0
2023-01-25,9707.695544921875,0.0,9707.695544921875,0.0
2023-01-26,9707.695544921875,0.0,9707.695544921875,0.0
2023-01-27,9707.695544921875,0.0,9707.695544921875,0.0
2023-01-30,9707.695544921875,0.0,9707.695544921875,0.0
2023-01-31,9707.695544921875,0.0,9707.695544921875,0.0
2023-02-01,9707.695544921875,0.0,9707.695544921875,0.0
2023-02-02,9707.695544921875,0.0,9707.695544921875,0.0
2023-02-03,9707.695544921875,0.0,9707.695544921875,0.0
2023-02-06,9707.695544921875,0.0,9707.695544921875,0.0
2023-02-07,6458.42184815979,3247.649871826172,9706.071719985961,21.0
2023-02-08,6458.42184815979,3190.3199615478516,9648.74180970764,21.0
2023-02-09,6458.42184815979,3168.2698974609375,9626.691745620727,21.0
2023-02-10,6458.42184815979,3171.2098846435547,9629.631732803344,21.0
2023-02-13,6458.42184815979,3230.850128173828,9689.271976333617,21.0
2023-02-14,6458.42184815979,3217.199935913086,9675.621784072875,21.0
2023-02-15,6458.42184815979,3261.9300384521484,9720.351886611938,21.0
2023-02-16,6458.42184815979,3227.910140991211,9686.331989151,21.0
2023-02-17,6458.42184815979,3203.550064086914,9661.971912246703,21.0
2023-02-21,6458.42184815979,3118.0799102783203,9576.50175843811,21.0
2023-02-22,6458.42184815979,3127.110076904297,9585.531925064086,21.0
2023-02-23,6458.42184815979,3137.399871826172,9595.821719985961,21.0
2023-02-24,6458.42184815979,3080.910140991211,9539.331989151,21.0
2023-02-27,6458.42184815979,3106.3199615478516,9564.74180970764,21.0
2023-02-28,6458.42184815979,3095.610076904297,9554.031925064086,21.0
2023-03-01,6458.42184815979,3051.5099487304688,9509.931796890258,21.0
2023-03-02,6458.42184815979,3064.110076904297,9522.531925064086,21.0
2023-03-03,6458.42184815979,3171.6299743652344,9630.051822525023,21.0
2023-03-06,6458.42184815979,3230.4300384521484,9688.851886611938,21.0
2023-03-07,6458.42184815979,3183.600128173828,9642.021976333617,21.0
2023-03-08,6458.42184815979,3210.2698974609375,9668.691745620727,21.0
2023-03-09,6458.42184815979,3162.389923095703,9620.811771255492,21.0
2023-03-10,6458.42184815979,3118.5,9576.921848159789,21.0
2023-03-13,6458.42184815979,3159.8700256347656,9618.291873794555,21.0
2023-03-14,6458.42184815979,3204.389923095703,9662.811771255492,21.0
2023-03-15,6458.42184815979,3212.7901153564453,9671.211963516234,21.0
2023-03-16,6458.42184815979,3272.850128173828,9731.271976333617,21.0
2023-03-17,6458.42184815979,3255.0,9713.421848159789,21.0
2023-03-20,6458.42184815979,3305.399871826172,9763.821719985961,21.0
2023-03-21,6458.42184815979,3344.8799743652344,9803.301822525023,21.0
2023-03-22,6458.42184815979,3314.4300384521484,9772.851886611938,21.0
2023-03-23,6458.42184815979,3337.5298461914062,9795.951694351195,21.0
2023-03-24,6458.42184815979,3365.25,9823.671848159789,21.0
2023-03-27,6458.42184815979,3323.8799743652344,9782.301822525023,21.0
2023-03-28,6458.42184815979,3310.649871826172,9769.071719985961,21.0
2023-03-29,6458.42184815979,3376.1700897216797,9834.591937881469,21.0
2023-03-30,6458.42184815979,3409.560012817383,9867.981860977172,21.0
2023-03-31,6458.42184815979,3462.899871826172,9921.321719985961,21.0
2023-04-03,6458.42184815979,3489.5699615478516,9947.99180970764,21.0
2023-04-04,6458.42184815979,3478.2301025390625,9936.651950698852,21.0
2023-04-05,6458.42184815979,3438.9598846435547,9897.381732803344,21.0
2023-04-06,6458.42184815979,3457.860076904297,9916.281925064086,21.0
2023-04-10,6458.42184815979,3402.6299743652344,9861.051822525023,21.0
2023-04-11,6458.42184815979,3376.800064086914,9835.221912246703,21.0
2023-04-12,6458.42184815979,3362.100128173828,9820.521976333617,21.0
2023-04-13,6458.42184815979,3476.7599487304688,9935.181796890258,21.0
2023-04-14,6458.42184815979,3469.410140991211,9927.831989151,21.0
2023-04-17,6458.42184815979,3469.8299102783203,9928.25175843811,21.0
2023-04-18,6458.42184815979,3495.8700256347656,9954.291873794555,21.0
2023-04-19,6458.42184815979,3520.2301025390625,9978.651950698852,21.0
2023-04-20,6458.42184815979,3499.649871826172,9958.071719985961,21.0
2023-04-21,6458.42184815979,3465.4200897216797,9923.841937881469,21.0
2023-04-24,6458.42184815979,3471.9300384521484,9930.351886611938,21.0
2023-04-25,6458.42184815979,3439.1700897216797,9897.591937881469,21.0
2023-04-26,6458.42184815979,3438.9598846435547,9897.381732803344,21.0
2023-04-27,6458.42184815979,3536.610076904297,9995.031925064086,21.0
2023-04-28,6458.42184815979,3563.2798461914062,10021.701694351195,21.0
2023-05-01,6458.42184815979,3561.389923095703,10019.811771255492,21.0
2023-05-02,6458.42184815979,3539.339859008789,9997.761707168578,21.0
2023-05-03,6458.42184815979,3516.449935913086,9974.871784072875,21.0
2023-05-04,6458.42184815979,3481.589859008789,9940.011707168578,21.0
2023-05-05,6458.42184815979,3644.9701538085938,10103.392001968383,21.0
2023-05-08,6458.42184815979,3643.5,10101.921848159789,21.0
2023-05-09,6458.42184815979,3607.1700897216797,10065.591937881469,21.0
2023-05-10,6458.42184815979,3644.7599487304688,10103.181796890258,21.0
2023-05-11,6458.42184815979,3648.75,10107.171848159789,21.0
2023-05-12,6458.42184815979,3623.9701538085938,10082.392001968383,21.0
2023-05-15,6458.42184815979,3613.4701538085938,10071.892001968383,21.0
2023-05-16,6458.42184815979,3613.4701538085938,10071.892001968383,21.0
2023-05-17,6458.42184815979,3626.4900512695312,10084.91189942932,21.0
2023-05-18,6458.42184815979,3676.050064086914,10134.471912246703,21.0
2023-05-19,6458.42184815979,3678.360076904297,10136.781925064086,21.0
2023-05-22,6458.42184815979,3658.199935913086,10116.621784072875,21.0
2023-05-23,6458.42184815979,3602.7599487304688,10061.181796890258,21.0
2023-05-24,6458.42184815979,3608.639923095703,10067.061771255492,21.0
2023-05-25,6458.42184815979,3632.7901153564453,10091.211963516234,21.0
2023-05-26,6458.42184815979,3684.0298461914062,10142.451694351195,21.0
2023-05-30,6458.42184815979,3723.300064086914,10181.721912246703,21.0
2023-05-31,6458.42184815979,3722.25,10180.671848159789,21.0
2023-06-01,6458.42184815979,3781.889923095703,10240.311771255492,21.0
2023-06-02,6458.42184815979,3799.949935913086,10258.371784072875,21.0
2023-06-05,6458.42184815979,3771.1800384521484,10229.601886611938,21.0
2023-06-06,6458.42184815979,3763.410140991211,10221.831989151,21.0
2023-06-07,6458.42184815979,3734.2201538085938,10192.642001968383,21.0
2023-06-08,6458.42184815979,3791.9701538085938,10250.392001968383,21.0
2023-06-09,6458.42184815979,3800.160140991211,10258.581989151,21.0
2023-06-12,10316.081912239075,0.0,10316.081912239075,0.0
2023-06-13,10316.081912239075,0.0,10316.081912239075,0.0
2023-06-14,10316.081912239075,0.0,10316.081912239075,0.0
2023-06-15,10316.081912239075,0.0,10316.081912239075,0.0
2023-06-16,10316.081912239075,0.0,10316.081912239075,0.0
2023-06-20,10316.081912239075,0.0,10316.081912239075,0.0
2023-06-21,10316.081912239075,0.0,10316.081912239075,0.0
2023-06-22,10316.081912239075,0.0,10316.081912239075,0.0
2023-06-23,10316.081912239075,0.0,10316.081912239075,0.0
2023-06-26,10316.081912239075,0.0,10316.081912239075,0.0
2023-06-27,10316.081912239075,0.0,10316.081912239075,0.0
2023-06-28,10316.081912239075,0.0,10316.081912239075,0.0
2023-06-29,10316.081912239075,0.0,10316.081912239075,0.0
2023-06-30,10316.081912239075,0.0,10316.081912239075,0.0
2023-07-03,10316.081912239075,0.0,10316.081912239075,0.0
2023-07-05,10316.081912239075,0.0,10316.081912239075,0.0
2023-07-06,10316.081912239075,0.0,10316.081912239075,0.0
2023-07-07,10316.081912239075,0.0,10316.081912239075,0.0
2023-07-10,10316.081912239075,0.0,10316.081912239075,0.0
2023-07-11,10316.081912239075,0.0,10316.081912239075,0.0
2023-07-12,10316.081912239075,0.0,10316.081912239075,0.0
2023-07-13,10316.081912239075,0.0,10316.081912239075,0.0
2023-07-14,10316.081912239075,0.0,10316.081912239075,0.0
2023-07-17,10316.081912239075,0.0,10316.081912239075,0.0
2023-07-18,10316.081912239075,0.0,10316.081912239075,0.0
2023-07-19,10316.081912239075,0.0,10316.081912239075,0.0
2023-07-20,10316.081912239075,0.0,10316.081912239075,0.0
2023-07-21,10316.081912239075,0.0,10316.081912239075,0.0
2023-07-24,10316.081912239075,0.0,10316.081912239075,0.0
2023-07-25,10316.081912239075,0.0,10316.081912239075,0.0
2023-07-26,10316.081912239075,0.0,10316.081912239075,0.0
2023-07-27,10316.081912239075,0.0,10316.081912239075,0.0
2023-07-28,10316.081912239075,0.0,10316.081912239075,0.0
2023-07-31,10316.081912239075,0.0,10316.081912239075,0.0
2023-08-01,10316.081912239075,0.0,10316.081912239075,0.0
2023-08-02,10316.081912239075,0.0,10316.081912239075,0.0
2023-08-03,10316.081912239075,0.0,10316.081912239075,0.0
2023-08-04,10316.081912239075,0.0,10316.081912239075,0.0
2023-08-07,10316.081912239075,0.0,10316.081912239075,0.0
2023-08-08,10316.081912239075,0.0,10316.081912239075,0.0
2023-08-09,10316.081912239075,0.0,10316.081912239075,0.0
2023-08-10,10316.081912239075,0.0,10316.081912239075,0.0
2023-08-11,10316.081912239075,0.0,10316.081912239075,0.0
2023-08-14,10316.081912239075,0.0,10316.081912239075,0.0
2023-08-15,10316.081912239075,0.0,10316.081912239075,0.0
2023-08-16,10316.081912239075,0.0,10316.081912239075,0.0
2023-08-17,10316.081912239075,0.0,10316.081912239075,0.0
2023-08-18,10316.081912239075,0.0,10316.081912239075,0.0
2023-08-21,10316.081912239075,0.0,10316.081912239075,0.0
2023-08-22,10316.081912239075,0.0,10316.081912239075,0.0
2023-08-23,10316.081912239075,0.0,10316.081912239075,0.0
2023-08-24,10316.081912239075,0.0,10316.081912239075,0.0
2023-08-25,10316.081912239075,0.0,10316.081912239075,0.0
2023-08-28,10316.081912239075,0.0,10316.081912239075,0.0
2023-08-29,10316.081912239075,0.0,10316.081912239075,0.0
2023-08-30,10316.081912239075,0.0,10316.081912239075,0.0
2023-08-31,10316.081912239075,0.0,10316.081912239075,0.0
2023-09-01,10316.081912239075,0.0,10316.081912239075,0.0
2023-09-05,10316.081912239075,0.0,10316.081912239075,0.0
2023-09-06,10316.081912239075,0.0,10316.081912239075,0.0
2023-09-07,10316.081912239075,0.0,10316.081912239075,0.0
2023-09-08,10316.081912239075,0.0,10316.081912239075,0.0
2023-09-11,10316.081912239075,0.0,10316.081912239075,0.0
2023-09-12,10316.081912239075,0.0,10316.081912239075,0.0
2023-09-13,10316.081912239075,0.0,10316.081912239075,0.0
2023-09-14,10316.081912239075,0.0,10316.081912239075,0.0
2023-09-15,10316.081912239075,0.0,10316.081912239075,0.0
2023-09-18,10316.081912239075,0.0,10316.081912239075,0.0
2023-09-19,10316.081912239075,0.0,10316.081912239075,0.0
2023-09-20,10316.081912239075,0.0,10316.081912239075,0.0
2023-09-21,10316.081912239075,0.0,10316.081912239075,0.0
2023-09-22,10316.081912239075,0.0,10316.081912239075,0.0
2023-09-25,10316.081912239075,0.0,10316.081912239075,0.0
2023-09-26,10316.081912239075,0.0,10316.081912239075,0.0
2023-09-27,10316.081912239075,0.0,10316.081912239075,0.0
2023-09-28,10316.081912239075,0.0,10316.081912239075,0.0
2023-09-29,10316.081912239075,0.0,10316.081912239075,0.0
2023-10-02,10316.081912239075,0.0,10316.081912239075,0.0
2023-10-03,10316.081912239075,0.0,10316.081912239075,0.0
2023-10-04,10316.081912239075,0.0,10316.081912239075,0.0
2023-10-05,10316.081912239075,0.0,10316.081912239075,0.0
2023-10-06,10316.081912239075,0.0,10316.081912239075,0.0
2023-10-09,10316.081912239075,0.0,10316.081912239075,0.0
2023-10-10,10316.081912239075,0.0,10316.081912239075,0.0
2023-10-11,10316.081912239075,0.0,10316.081912239075,0.0
2023-10-12,10316.081912239075,0.0,10316.081912239075,0.0
2023-10-13,10316.081912239075,0.0,10316.081912239075,0.0
2023-10-16,10316.081912239075,0.0,10316.081912239075,0.0
2023-10-17,10316.081912239075,0.0,10316.081912239075,0.0
2023-10-18,10316.081912239075,0.0,10316.081912239075,0.0
2023-10-19,10316.081912239075,0.0,10316.081912239075,0.0
2023-10-20,10316.081912239075,0.0,10316.081912239075,0.0
2023-10-23,10316.081912239075,0.0,10316.081912239075,0.0
2023-10-24,10316.081912239075,0.0,10316.081912239075,0.0
2023-10-25,10316.081912239075,0.0,10316.081912239075,0.0
2023-10-26,10316.081912239075,0.0,10316.081912239075,0.0
2023-10-27,10316.081912239075,0.0,10316.081912239075,0.0
2023-10-30,10316.081912239075,0.0,10316.081912239075,0.0
2023-10-31,10316.081912239075,0.0,10316.081912239075,0.0
2023-11-01,10316.081912239075,0.0,10316.081912239075,0.0
2023-11-02,10316.081912239075,0.0,10316.081912239075,0.0
2023-11-03,10316.081912239075,0.0,10316.081912239075,0.0
2023-11-06,10316.081912239075,0.0,10316.081912239075,0.0
2023-11-07,10316.081912239075,0.0,10316.081912239075,0.0
2023-11-08,10316.081912239075,0.0,10316.081912239075,0.0
2023-11-09,10316.081912239075,0.0,10316.081912239075,0.0
2023-11-10,10316.081912239075,0.0,10316.081912239075,0.0
2023-11-13,10316.081912239075,0.0,10316.081912239075,0.0
2023-11-14,10316.081912239075,0.0,10316.081912239075,0.0
2023-11-15,10316.081912239075,0.0,10316.081912239075,0.0
2023-11-16,6709.7895396118165,3604.4901275634766,10314.279667175293,19.0
2023-11-17,6709.7895396118165,3604.1100463867188,10313.899585998535,19.0
2023-11-20,6709.7895396118165,3637.5499420166016,10347.339481628418,19.0
2023-11-21,6709.7895396118165,3622.1599884033203,10331.949528015137,19.0
2023-11-22,6709.7895396118165,3634.8899536132812,10344.679493225098,19.0
2023-11-24,6709.7895396118165,3609.4300231933594,10319.219562805176,19.0
2023-11-27,6709.7895396118165,3606.0098724365234,10315.79941204834,19.0
2023-11-28,6709.7895396118165,3617.599884033203,10327.38942364502,19.0
2023-11-29,6709.7895396118165,3598.0299072265625,10307.819446838379,19.0
2023-11-30,6709.7895396118165,3609.0499420166016,10318.839481628418,19.0
2023-12-01,6709.7895396118165,3633.560104370117,10343.349643981934,19.0
2023-12-04,6709.7895396118165,3599.1698608398438,10308.95940045166,19.0
2023-12-05,6709.7895396118165,3674.979965209961,10384.769504821777,19.0
2023-12-06,6709.7895396118165,3654.0801391601562,10363.869678771973,19.0
2023-12-07,6709.7895396118165,3691.130081176758,10400.919620788574,19.0
2023-12-08,6709.7895396118165,3718.4901275634766,10428.279667175293,19.0
2023-12-11,6709.7895396118165,3670.4198608398438,10380.20940045166,19.0
2023-12-12,6709.7895396118165,3699.4901275634766,10409.279667175293,19.0
2023-12-13,6709.7895396118165,3761.2401275634766,10471.029667175293,19.0
2023-12-14,6709.7895396118165,3764.0900115966797,10473.879551208496,19.0
2023-12-15,6709.7895396118165,3753.8301391601562,10463.619678771973,19.0
2023-12-18,6709.7895396118165,3721.9099884033203,10431.699528015137,19.0
2023-12-19,6709.7895396118165,3741.8600463867188,10451.649585998535,19.0
2023-12-20,6709.7895396118165,3701.770034790039,10411.559574401856,19.0
2023-12-21,6709.7895396118165,3698.9198608398438,10408.70940045166,19.0
2023-12-22,6709.7895396118165,3678.400115966797,10388.189655578613,19.0
2023-12-26,6709.7895396118165,3667.9500579833984,10377.739597595215,19.0
2023-12-27,6709.7895396118165,3669.849884033203,10379.63942364502,19.0
2023-12-28,6709.7895396118165,3678.020034790039,10387.809574401856,19.0
2023-12-29,6709.7895396118165,3658.0699768066406,10367.859516418457,19.0
2024-01-02,6709.7895396118165,3527.1599884033203,10236.949528015137,19.0
2024-01-03,6709.7895396118165,3500.75,10210.539539611817,19.0
2024-01-04,6709.7895396118165,3456.290069580078,10166.079609191895,19.0
2024-01-05,6709.7895396118165,3442.4198608398438,10152.20940045166,19.0
2024-01-08,6709.7895396118165,3525.6399536132812,10235.429493225098,19.0
2024-01-09,6709.7895396118165,3517.6599884033203,10227.449528015137,19.0
2024-01-10,6709.7895396118165,3537.6100463867188,10247.399585998535,19.0
2024-01-11,6709.7895396118165,3526.209930419922,10235.999470031738,19.0
2024-01-12,6709.7895396118165,3532.479965209961,10242.269504821777,19.0
2024-01-16,6709.7895396118165,3488.9700927734375,10198.759632385254,19.0
2024-01-17,6709.7895396118165,3470.9198608398438,10180.70940045166,19.0
2024-01-18,6709.7895396118165,3583.9700927734375,10293.759632385254,19.0
2024-01-19,6709.7895396118165,3639.6399536132812,10349.429493225098,19.0
2024-01-22,6709.7895396118165,3683.9099884033203,10393.699528015137,19.0
2024-01-23,6709.7895396118165,3708.4198608398438,10418.20940045166,19.0
2024-01-24,6709.7895396118165,3695.5,10405.289539611817,19.0
2024-01-25,6709.7895396118165,3689.229965209961,10399.019504821777,19.0
2024-01-26,6709.7895396118165,3655.979965209961,10365.769504821777,19.0
2024-01-29,6709.7895396118165,3642.869918823242,10352.659458435059,19.0
2024-01-30,6709.7895396118165,3572.7598724365234,10282.54941204834,19.0
2024-01-31,6709.7895396118165,3503.599884033203,10213.38942364502,19.0
2024-02-01,6709.7895396118165,3550.3400115966797,10260.129551208496,19.0
2024-02-02,6709.7895396118165,3531.150115966797,10240.939655578613,19.0
2024-02-05,6709.7895396118165,3565.9198608398438,10275.70940045166,19.0
2024-02-06,6709.7895396118165,3596.7000579833984,10306.489597595215,19.0
2024-02-07,6709.7895396118165,3598.790069580078,10308.579609191895,19.0
2024-02-08,6709.7895396118165,3578.0801391601562,10287.869678771973,19.0
2024-02-09,6709.7895396118165,3588.150115966797,10297.939655578613,19.0
2024-02-12,6709.7895396118165,3555.849884033203,10265.63942364502,19.0
2024-02-13,6709.7895396118165,3515.7598724365234,10225.54941204834,19.0
2024-02-14,6709.7895396118165,3498.849884033203,10208.63942364502,19.0
2024-02-15,6709.7895396118165,3493.3400115966797,10203.129551208496,19.0
2024-02-16,6709.7895396118165,3463.8899536132812,10173.679493225098,19.0
2024-02-20,6709.7895396118165,3449.6399536132812,10159.429493225098,19.0
2024-02-21,6709.7895396118165,3464.0801391601562,10173.869678771973,19.0
2024-02-22,6709.7895396118165,3503.0299072265625,10212.819446838379,19.0
2024-02-23,6709.7895396118165,3467.880081176758,10177.669620788574,19.0
2024-02-26,6709.7895396118165,3442.040069580078,10151.829609191895,19.0
2024-02-27,10178.024647338867,0.0,10178.024647338867,0.0
2024-02-28,10178.024647338867,0.0,10178.024647338867,0.0
2024-02-29,10178.024647338867,0.0,10178.024647338867,0.0
2024-03-01,10178.024647338867,0.0,10178.024647338867,0.0
2024-03-04,10178.024647338867,0.0,10178.024647338867,0.0
2024-03-05,10178.024647338867,0.0,10178.024647338867,0.0
2024-03-06,10178.024647338867,0.0,10178.024647338867,0.0
2024-03-07,10178.024647338867,0.0,10178.024647338867,0.0
2024-03-08,10178.024647338867,0.0,10178.024647338867,0.0
2024-03-11,10178.024647338867,0.0,10178.024647338867,0.0
2024-03-12,10178.024647338867,0.0,10178.024647338867,0.0
2024-03-13,10178.024647338867,0.0,10178.024647338867,0.0
2024-03-14,10178.024647338867,0.0,10178.024647338867,0.0
2024-03-15,10178.024647338867,0.0,10178.024647338867,0.0
2024-03-18,10178.024647338867,0.0,10178.024647338867,0.0
2024-03-19,10178.024647338867,0.0,10178.024647338867,0.0
2024-03-20,10178.024647338867,0.0,10178.024647338867,0.0
2024-03-21,10178.024647338867,0.0,10178.024647338867,0.0
2024-03-22,10178.024647338867,0.0,10178.024647338867,0.0
2024-03-25,10178.024647338867,0.0,10178.024647338867,0.0
2024-03-26,10178.024647338867,0.0,10178.024647338867,0.0
2024-03-27,10178.024647338867,0.0,10178.024647338867,0.0
2024-03-28,10178.024647338867,0.0,10178.024647338867,0.0
2024-04-01,10178.024647338867,0.0,10178.024647338867,0.0
2024-04-02,10178.024647338867,0.0,10178.024647338867,0.0
2024-04-03,10178.024647338867,0.0,10178.024647338867,0.0
2024-04-04,10178.024647338867,0.0,10178.024647338867,0.0
2024-04-05,10178.024647338867,0.0,10178.024647338867,0.0
2024-04-08,10178.024647338867,0.0,10178.024647338867,0.0
2024-04-09,10178.024647338867,0.0,10178.024647338867,0.0
2024-04-10,10178.024647338867,0.0,10178.024647338867,0.0
2024-04-11,10178.024647338867,0.0,10178.024647338867,0.0
2024-04-12,10178.024647338867,0.0,10178.024647338867,0.0
2024-04-15,10178.024647338867,0.0,10178.024647338867,0.0
2024-04-16,10178.024647338867,0.0,10178.024647338867,0.0
2024-04-17,10178.024647338867,0.0,10178.024647338867,0.0
2024-04-18,10178.024647338867,0.0,10178.024647338867,0.0
2024-04-19,10178.024647338867,0.0,10178.024647338867,0.0
2024-04-22,10178.024647338867,0.0,10178.024647338867,0.0
2024-04-23,10178.024647338867,0.0,10178.024647338867,0.0
2024-04-24,10178.024647338867,0.0,10178.024647338867,0.0
2024-04-25,10178.024647338867,0.0,10178.024647338867,0.0
2024-04-26,10178.024647338867,0.0,10178.024647338867,0.0
2024-04-29,10178.024647338867,0.0,10178.024647338867,0.0
2024-04-30,10178.024647338867,0.0,10178.024647338867,0.0
2024-05-01,10178.024647338867,0.0,10178.024647338867,0.0
2024-05-02,10178.024647338867,0.0,10178.024647338867,0.0
2024-05-03,10178.024647338867,0.0,10178.024647338867,0.0
2024-05-06,10178.024647338867,0.0,10178.024647338867,0.0
2024-05-07,10178.024647338867,0.0,10178.024647338867,0.0
2024-05-08,10178.024647338867,0.0,10178.024647338867,0.0
2024-05-09,10178.024647338867,0.0,10178.024647338867,0.0
2024-05-10,10178.024647338867,0.0,10178.024647338867,0.0
2024-05-13,10178.024647338867,0.0,10178.024647338867,0.0
2024-05-14,10178.024647338867,0.0,10178.024647338867,0.0
2024-05-15,10178.024647338867,0.0,10178.024647338867,0.0
2024-05-16,6759.196153289795,3417.1199340820312,10176.316087371826,18.0
2024-05-17,6759.196153289795,3417.659912109375,10176.85606539917,18.0
2024-05-20,6759.196153289795,3438.7198791503906,10197.916032440186,18.0
2024-05-21,6759.196153289795,3462.3001098632812,10221.496263153076,18.0
2024-05-22,6759.196153289795,3436.1998901367188,10195.396043426514,18.0
2024-05-23,6759.196153289795,3363.840087890625,10123.03624118042,18.0
2024-05-24,6759.196153289795,3419.639923095703,10178.836076385498,18.0
2024-05-28,6759.196153289795,3419.820098876953,10179.016252166748,18.0
2024-05-29,6759.196153289795,3425.2198791503906,10184.416032440186,18.0
2024-05-30,6759.196153289795,3443.2198791503906,10202.416032440186,18.0
2024-05-31,6759.196153289795,3460.5,10219.696153289795,18.0
2024-06-03,6759.196153289795,3492.5399780273438,10251.736131317139,18.0
2024-06-04,6759.196153289795,3498.3001098632812,10257.496263153076,18.0
2024-06-05,6759.196153289795,3525.659912109375,10284.85606539917,18.0
2024-06-06,6759.196153289795,3500.639923095703,10259.836076385498,18.0
2024-06-07,6759.196153289795,3544.019989013672,10303.216142303467,18.0
2024-06-10,6759.196153289795,3476.159912109375,10235.35606539917,18.0
2024-06-11,6759.196153289795,3728.6998901367188,10487.896043426514,18.0
2024-06-12,6759.196153289795,3835.2601318359375,10594.456285125732,18.0
2024-06-13,6759.196153289795,3856.320098876953,10615.516252166748,18.0
2024-06-14,6759.196153289795,3824.820098876953,10584.016252166748,18.0
2024-06-17,6759.196153289795,3900.0599670410156,10659.25612033081,18.0
2024-06-18,6759.196153289795,3857.2198791503906,10616.416032440186,18.0
2024-06-20,6759.196153289795,3774.2398681640625,10533.436021453857,18.0
2024-06-21,6759.196153289795,3734.820098876953,10494.016252166748,18.0
2024-06-24,6759.196153289795,3746.519989013672,10505.716142303467,18.0
2024-06-25,6759.196153289795,3763.2601318359375,10522.456285125732,18.0
2024-06-26,6759.196153289795,3838.5,10597.696153289795,18.0
2024-06-27,6759.196153289795,3853.8001098632812,10612.996263153076,18.0
2024-06-28,6759.196153289795,3791.159912109375,10550.35606539917,18.0
2024-07-01,6759.196153289795,3901.5,10660.696153289795,18.0
2024-07-02,6759.196153289795,3964.860076904297,10724.056230194092,18.0
2024-07-03,6759.196153289795,3987.9000549316406,10747.096208221436,18.0
2024-07-05,10831.279027404786,0.0,10831.279027404786,0.0
2024-07-08,10831.279027404786,0.0,10831.279027404786,0.0
2024-07-09,10831.279027404786,0.0,10831.279027404786,0.0
2024-07-10,10831.279027404786,0.0,10831.279027404786,0.0
2024-07-11,10831.279027404786,0.0,10831.279027404786,0.0
2024-07-12,10831.279027404786,0.0,10831.279027404786,0.0
2024-07-15,10831.279027404786,0.0,10831.279027404786,0.0
2024-07-16,10831.279027404786,0.0,10831.279027404786,0.0
2024-07-17,10831.279027404786,0.0,10831.279027404786,0.0
2024-07-18,10831.279027404786,0.0,10831.279027404786,0.0
2024-07-19,10831.279027404786,0.0,10831.279027404786,0.0
2024-07-22,10831.279027404786,0.0,10831.279027404786,0.0
2024-07-23,10831.279027404786,0.0,10831.279027404786,0.0
2024-07-24,10831.279027404786,0.0,10831.279027404786,0.0
2024-07-25,10831.279027404786,0.0,10831.279027404786,0.0
2024-07-26,10831.279027404786,0.0,10831.279027404786,0.0
2024-07-29,10831.279027404786,0.0,10831.279027404786,0.0
2024-07-30,10831.279027404786,0.0,10831.279027404786,0.0
2024-07-31,10831.279027404786,0.0,10831.279027404786,0.0
2024-08-01,10831.279027404786,0.0,10831.279027404786,0.0
2024-08-02,10831.279027404786,0.0,10831.279027404786,0.0
2024-08-05,10831.279027404786,0.0,10831.279027404786,0.0
2024-08-06,10831.279027404786,0.0,10831.279027404786,0.0
2024-08-07,10831.279027404786,0.0,10831.279027404786,0.0
2024-08-08,10831.279027404786,0.0,10831.279027404786,0.0
2024-08-09,10831.279027404786,0.0,10831.279027404786,0.0
2024-08-12,10831.279027404786,0.0,10831.279027404786,0.0
2024-08-13,10831.279027404786,0.0,10831.279027404786,0.0
2024-08-14,10831.279027404786,0.0,10831.279027404786,0.0
2024-08-15,10831.279027404786,0.0,10831.279027404786,0.0
2024-08-16,10831.279027404786,0.0,10831.279027404786,0.0
2024-08-19,10831.279027404786,0.0,10831.279027404786,0.0
2024-08-20,10831.279027404786,0.0,10831.279027404786,0.0
2024-08-21,10831.279027404786,0.0,10831.279027404786,0.0
2024-08-22,10831.279027404786,0.0,10831.279027404786,0.0
2024-08-23,10831.279027404786,0.0,10831.279027404786,0.0
2024-08-26,10831.279027404786,0.0,10831.279027404786,0.0
2024-08-27,10831.279027404786,0.0,10831.279027404786,0.0
2024-08-28,10831.279027404786,0.0,10831.279027404786,0.0
2024-08-29,10831.279027404786,0.0,10831.279027404786,0.0
2024-08-30,10831.279027404786,0.0,10831.279027404786,0.0
2024-09-03,10831.279027404786,0.0,10831.279027404786,0.0
2024-09-04,10831.279027404786,0.0,10831.279027404786,0.0
2024-09-05,10831.279027404786,0.0,10831.279027404786,0.0
2024-09-06,10831.279027404786,0.0,10831.279027404786,0.0
2024-09-09,10831.279027404786,0.0,10831.279027404786,0.0
2024-09-10,10831.279027404786,0.0,10831.279027404786,0.0
2024-09-11,10831.279027404786,0.0,10831.279027404786,0.0
2024-09-12,10831.279027404786,0.0,10831.279027404786,0.0
2024-09-13,10831.279027404786,0.0,10831.279027404786,0.0
2024-09-16,10831.279027404786,0.0,10831.279027404786,0.0
2024-09-17,10831.279027404786,0.0,10831.279027404786,0.0
2024-09-18,10831.279027404786,0.0,10831.279027404786,0.0
2024-09-19,10831.279027404786,0.0,10831.279027404786,0.0
2024-09-20,10831.279027404786,0.0,10831.279027404786,0.0
2024-09-23,10831.279027404786,0.0,10831.279027404786,0.0
2024-09-24,10831.279027404786,0.0,10831.279027404786,0.0
2024-09-25,10831.279027404786,0.0,10831.279027404786,0.0
2024-09-26,10831.279027404786,0.0,10831.279027404786,0.0
2024-09-27,10831.279027404786,0.0,10831.279027404786,0.0
2024-09-30,10831.279027404786,0.0,10831.279027404786,0.0
2024-10-01,10831.279027404786,0.0,10831.279027404786,0.0
2024-10-02,10831.279027404786,0.0,10831.279027404786,0.0
2024-10-03,10831.279027404786,0.0,10831.279027404786,0.0
2024-10-04,10831.279027404786,0.0,10831.279027404786,0.0
2024-10-07,10831.279027404786,0.0,10831.279027404786,0.0
2024-10-08,10831.279027404786,0.0,10831.279027404786,0.0
2024-10-09,10831.279027404786,0.0,10831.279027404786,0.0
2024-10-10,10831.279027404786,0.0,10831.279027404786,0.0
2024-10-11,10831.279027404786,0.0,10831.279027404786,0.0
2024-10-14,10831.279027404786,0.0,10831.279027404786,0.0
2024-10-15,10831.279027404786,0.0,10831.279027404786,0.0
2024-10-16,10831.279027404786,0.0,10831.279027404786,0.0
2024-10-17,10831.279027404786,0.0,10831.279027404786,0.0
2024-10-18,10831.279027404786,0.0,10831.279027404786,0.0
2024-10-21,10831.279027404786,0.0,10831.279027404786,0.0
2024-10-22,10831.279027404786,0.0,10831.279027404786,0.0
2024-10-23,10831.279027404786,0.0,10831.279027404786,0.0
2024-10-24,10831.279027404786,0.0,10831.279027404786,0.0
2024-10-25,10831.279027404786,0.0,10831.279027404786,0.0
2024-10-28,10831.279027404786,0.0,10831.279027404786,0.0
2024-10-29,10831.279027404786,0.0,10831.279027404786,0.0
2024-10-30,10831.279027404786,0.0,10831.279027404786,0.0
2024-10-31,10831.279027404786,0.0,10831.279027404786,0.0
2024-11-01,10831.279027404786,0.0,10831.279027404786,0.0
2024-11-04,10831.279027404786,0.0,10831.279027404786,0.0
2024-11-05,10831.279027404786,0.0,10831.279027404786,0.0
2024-11-06,10831.279027404786,0.0,10831.279027404786,0.0
2024-11-07,10831.279027404786,0.0,10831.279027404786,0.0
2024-11-08,10831.279027404786,0.0,10831.279027404786,0.0
2024-11-11,10831.279027404786,0.0,10831.279027404786,0.0
2024-11-12,10831.279027404786,0.0,10831.279027404786,0.0
2024-11-13,10831.279027404786,0.0,10831.279027404786,0.0
2024-11-14,10831.279027404786,0.0,10831.279027404786,0.0
2024-11-15,10831.279027404786,0.0,10831.279027404786,0.0
2024-11-18,10831.279027404786,0.0,10831.279027404786,0.0
2024-11-19,10831.279027404786,0.0,10831.279027404786,0.0
2024-11-20,10831.279027404786,0.0,10831.279027404786,0.0
2024-11-21,10831.279027404786,0.0,10831.279027404786,0.0
2024-11-22,10831.279027404786,0.0,10831.279027404786,0.0
2024-11-25,10831.279027404786,0.0,10831.279027404786,0.0
2024-11-26,10831.279027404786,0.0,10831.279027404786,0.0
2024-11-27,10831.279027404786,0.0,10831.279027404786,0.0
2024-11-29,10831.279027404786,0.0,10831.279027404786,0.0
2024-12-02,10831.279027404786,0.0,10831.279027404786,0.0
2024-12-03,10831.279027404786,0.0,10831.279027404786,0.0
2024-12-04,10831.279027404786,0.0,10831.279027404786,0.0
2024-12-05,10831.279027404786,0.0,10831.279027404786,0.0
2024-12-06,10831.279027404786,0.0,10831.279027404786,0.0
2024-12-09,10831.279027404786,0.0,10831.279027404786,0.0
2024-12-10,10831.279027404786,0.0,10831.279027404786,0.0
2024-12-11,10831.279027404786,0.0,10831.279027404786,0.0
2024-12-12,10831.279027404786,0.0,10831.279027404786,0.0
2024-12-13,10831.279027404786,0.0,10831.279027404786,0.0
2024-12-16,10831.279027404786,0.0,10831.279027404786,0.0
2024-12-17,10831.279027404786,0.0,10831.279027404786,0.0
2024-12-18,10831.279027404786,0.0,10831.279027404786,0.0
2024-12-19,10831.279027404786,0.0,10831.279027404786,0.0
2024-12-20,10831.279027404786,0.0,10831.279027404786,0.0
2024-12-23,10831.279027404786,0.0,10831.279027404786,0.0
2024-12-24,10831.279027404786,0.0,10831.279027404786,0.0
2024-12-26,10831.279027404786,0.0,10831.279027404786,0.0
2024-12-27,10831.279027404786,0.0,10831.279027404786,0.0
2024-12-30,10831.279027404786,0.0,10831.279027404786,0.0
