Date,Adj Close_GOOGL,Close_GOOGL,High_GOOGL,Low_GOOGL,Open_GOOGL,Volume_GOOGL
2022-01-03,143.9042205810547,144.9915008544922,145.8509979248047,143.71299743652344,145.05499267578125,28646000
2022-01-04,143.31663513183594,144.39950561523438,146.48500061035156,143.7165069580078,145.39599609375,28400000
2022-01-05,136.74180603027344,137.77499389648438,144.49949645996094,137.68800354003906,144.4199981689453,54618000
2022-01-06,136.71450805664062,137.74749755859375,139.94000244140625,136.55850219726562,136.99850463867188,37348000
2022-01-07,135.989501953125,137.01699829101562,138.44850158691406,135.76649475097656,138.14549255371094,29760000
2022-01-10,137.62960815429688,138.66949462890625,138.8195037841797,133.1645050048828,135.0780029296875,44408000
2022-01-11,138.6881103515625,139.73599243164062,140.21600341796875,136.6925048828125,138.0070037841797,28730000
2022-01-12,140.36990356445312,141.4304962158203,142.60800170898438,140.6945037841797,141.14999389648438,26108000
2022-01-13,137.54774475097656,138.58700561523438,142.85000610351562,138.40899658203125,141.5399932861328,31436000
2022-01-14,138.43450927734375,139.48049926757812,140.74200439453125,136.99850463867188,137.07899475097656,29662000
2022-01-18,134.97813415527344,135.9980010986328,137.13150024414062,135.43850708007812,136.1750030517578,34872000
2022-01-19,134.103271484375,135.1165008544922,137.95950317382812,135.0155029296875,136.52349853515625,28648000
2022-01-20,132.30783081054688,133.3074951171875,137.62600708007812,132.96449279785156,136.25,29908000
2022-01-21,129.37399291992188,130.35150146484375,134.86549377441406,130.0865020751953,132.593505859375,55652000
2022-01-24,129.82308959960938,130.8040008544922,131.2030029296875,124.5,125.97799682617188,76622000
2022-01-25,125.98310852050781,126.93499755859375,129.3990020751953,126.50050354003906,128.74000549316406,46960000
2022-01-26,128.2638702392578,129.23300170898438,133.0,127.14199829101562,131.11900329589844,49130000
2022-01-27,128.03758239746094,129.0050048828125,132.65249633789062,128.9324951171875,131.3040008544922,31950000
2022-01-28,132.3509979248047,133.3509979248047,133.35650634765625,128.48500061035156,129.65899658203125,34362000
2022-01-31,134.28884887695312,135.30349731445312,135.47300720214844,132.20950317382812,134.16200256347656,39986000
2022-02-01,136.61181640625,137.6439971923828,137.79299926757812,134.36849975585938,137.59449768066406,68644000
2022-02-02,146.89013671875,148.0,151.54649353027344,145.5225067138672,151.25,123200000
2022-02-03,142.01695251464844,143.08999633789062,149.6750030517578,142.66549682617188,145.70550537109375,71518000
2022-02-04,142.2184295654297,143.29299926757812,144.875,140.51499938964844,143.4445037841797,57998000
2022-02-07,138.1571044921875,139.2010040283203,144.25,138.89999389648438,144.25,54974000
2022-02-08,138.3536376953125,139.3990020751953,140.0,137.01400756835938,139.02650451660156,54284000
2022-02-09,140.53018188476562,141.5919952392578,142.52450561523438,140.18699645996094,140.9635009765625,40144000
2022-02-10,137.58047485351562,138.6199951171875,141.4844970703125,137.95700073242188,139.70350646972656,39330000
2022-02-11,133.2755126953125,134.28250122070312,139.156494140625,133.39999389648438,138.60000610351562,39958000
2022-02-14,134.50967407226562,135.5260009765625,136.3000030517578,133.25650024414062,133.25650024414062,34302000
2022-02-15,135.5840606689453,136.60850524902344,138.10850524902344,135.82150268554688,137.57049560546875,26680000
2022-02-16,136.70510864257812,137.73800659179688,138.08599853515625,134.9239959716797,136.64649963378906,25022000
2022-02-17,131.54507446289062,132.53900146484375,137.11349487304688,132.47850036621094,136.2429962158203,38950000
2022-02-18,129.4250946044922,130.4029998779297,134.07000732421875,130.19650268554688,133.4669952392578,45620000
2022-02-22,128.8400421142578,129.81350708007812,132.1804962158203,128.22349548339844,129.83799743652344,44990000
2022-02-23,126.63119506835938,127.58799743652344,132.05099487304688,127.52749633789062,131.64849853515625,32786000
2022-02-24,131.69593811035156,132.6909942626953,133.0,124.95349884033203,124.95349884033203,54456000
2022-02-25,133.45118713378906,134.45950317382812,135.27149963378906,131.75149536132812,133.552001953125,36406000
2022-02-28,134.04421997070312,135.0570068359375,135.75149536132812,132.59249877929688,133.0500030517578,38864000
2022-03-01,133.05615234375,134.06149291992188,136.2554931640625,133.218505859375,134.8784942626953,26496000
2022-03-02,133.56234741210938,134.57150268554688,135.2624969482422,133.07150268554688,134.6280059814453,23520000
2022-03-03,132.89537048339844,133.89950561523438,136.4394989013672,133.02549743652344,136.00999450683594,24604000
2022-03-04,130.91729736328125,131.906494140625,133.85150146484375,130.33749389648438,132.92750549316406,30430000
2022-03-07,125.43077850341797,126.37850189208984,131.73500061035156,126.29499816894531,131.48800659179688,45112000
2022-03-08,126.15133666992188,127.10449981689453,131.25,125.67449951171875,126.25,40428000
2022-03-09,132.4194793701172,133.4199981689453,133.73550415039062,129.90049743652344,131.25,37026000
2022-03-10,131.43641662597656,132.42950439453125,133.27200317382812,130.91250610351562,131.26600646972656,27102000
2022-03-11,128.8966064453125,129.87049865722656,133.79550170898438,129.63150024414062,133.48849487304688,31526000
2022-03-14,125.00648498535156,125.95099639892578,130.40899658203125,125.2750015258789,130.25,38812000
2022-03-15,128.22914123535156,129.197998046875,129.85450744628906,125.72049713134766,126.97599792480469,30920000
2022-03-16,132.28103637695312,133.28050231933594,133.33299255371094,128.7344970703125,130.73300170898438,35576000
2022-03-17,132.8353271484375,133.83900451660156,134.08050537109375,132.18499755859375,133.1490020751953,28264000
2022-03-18,135.1046905517578,136.12550354003906,136.24400329589844,132.2584991455078,133.42449951171875,44566000
2022-03-21,135.0808563232422,136.10150146484375,137.0500030517578,134.09249877929688,136.1634979248047,26832000
2022-03-22,138.81910705566406,139.8679962158203,141.0500030517578,136.10150146484375,136.10150146484375,35496000
2022-03-23,137.2385711669922,138.27549743652344,139.5885009765625,137.8350067138672,138.70249938964844,25154000
2022-03-24,140.51036071777344,141.57200622558594,141.61900329589844,137.75050354003906,139.1999969482422,26396000
2022-03-25,140.610595703125,141.67300415039062,142.03500366210938,139.7375030517578,141.91600036621094,24126000
2022-03-28,140.3947296142578,141.45550537109375,142.00250244140625,139.81149291992188,140.90049743652344,35050000
2022-03-29,141.4368438720703,142.5054931640625,143.7935028076172,142.0384979248047,142.6475067138672,34318000
2022-03-30,140.87411499023438,141.93850708007812,142.7205047607422,141.60000610351562,142.4600067138672,19884000
2022-03-31,138.02462768554688,139.0675048828125,142.10800170898438,139.02450561523438,142.05299377441406,37524000
2022-04-01,139.09950256347656,140.15049743652344,140.4709930419922,138.3074951171875,139.5,25942000
2022-04-04,141.89935302734375,142.97149658203125,143.71200561523438,140.3105010986328,140.35850524902344,25942000
2022-04-05,139.5366973876953,140.59100341796875,142.99049377441406,140.38250732421875,142.86900329589844,21418000
2022-04-06,135.52401733398438,136.54800415039062,139.36050415039062,135.51699829101562,138.75,32468000
2022-04-07,134.86947631835938,135.8885040283203,137.1645050048828,134.2274932861328,136.00999450683594,26234000
2022-04-08,132.2879638671875,133.28750610351562,135.6699981689453,132.9654998779297,135.58349609375,25142000
2022-04-11,127.85746002197266,128.82350158691406,132.09249877929688,128.6685028076172,131.82350158691406,36884000
2022-04-12,126.75674438476562,127.7145004272461,131.60000610351562,126.78900146484375,131.60000610351562,32710000
2022-04-13,128.919921875,129.8939971923828,130.33399963378906,127.74099731445312,128.0,27928000
2022-04-14,125.77964782714844,126.7300033569336,130.47950744628906,126.60099792480469,130.47950744628906,31598000
2022-04-18,126.71903991699219,127.67649841308594,128.21249389648438,126.18199920654297,127.0,20808000
2022-04-19,129.0340576171875,130.00900268554688,130.33299255371094,126.99949645996094,127.69149780273438,26490000
2022-04-20,127.07981872558594,128.0399932861328,131.3990020751953,127.5,130.89199829101562,31696000
2022-04-21,123.87850952148438,124.81449890136719,130.09849548339844,124.52649688720703,129.25,36446000
2022-04-22,118.73834991455078,119.635498046875,125.4020004272461,118.92500305175781,125.0,56884000
2022-04-25,122.15105438232422,123.0739974975586,123.27749633789062,118.51100158691406,119.10099792480469,46128000
2022-04-26,117.76023864746094,118.6500015258789,122.51000213623047,118.51100158691406,122.29450225830078,73054000
2022-04-27,113.4374008178711,114.29450225830078,117.24199676513672,112.73650360107422,114.46949768066406,91820000
2022-04-28,117.63369750976562,118.52249908447266,119.64949798583984,114.11499786376953,116.41500091552734,48884000
2022-04-29,113.25377655029297,114.1094970703125,117.91999816894531,113.81449890136719,116.7344970703125,42676000
2022-05-02,115.70873260498047,116.58300018310547,116.74549865722656,112.5999984741211,113.40499877929688,35534000
2022-05-03,116.45409393310547,117.33399963378906,118.44200134277344,116.03450012207031,116.43049621582031,24968000
2022-05-04,121.34416961669922,122.26100158691406,122.85449981689453,115.11599731445312,117.03150177001953,49916000
2022-05-05,115.63182067871094,116.50550079345703,121.03900146484375,115.00550079345703,120.2040023803711,45840000
2022-05-06,114.8785171508789,115.74649810791016,117.57150268554688,114.0155029296875,115.18450164794922,39710000
2022-05-09,111.66727447509766,112.51100158691406,115.0770034790039,112.00050354003906,113.25,40802000
2022-05-10,113.53713989257812,114.3949966430664,116.25,112.90049743652344,115.50749969482422,39900000
2022-05-11,112.7505874633789,113.60250091552734,116.364501953125,113.23650360107422,113.23650360107422,37534000
2022-05-12,111.9977798461914,112.84400177001953,114.29499816894531,109.82450103759766,111.37750244140625,53836000
2022-05-13,115.18022918701172,116.05049896240234,117.875,113.6050033569336,114.53299713134766,35038000
2022-05-16,113.58676147460938,114.44499969482422,116.16999816894531,113.8895034790039,114.95549774169922,25990000
2022-05-17,115.59956359863281,116.4729995727539,116.9000015258789,114.87000274658203,116.84049987792969,23054000
2022-05-18,111.06035614013672,111.89949798583984,115.4000015258789,111.55549621582031,115.0,35126000
2022-05-19,109.55622863769531,110.38400268554688,113.01000213623047,110.0,111.43150329589844,34144000
2022-05-20,108.0912857055664,108.90799713134766,112.18350219726562,105.79650115966797,111.95099639892578,48962000
2022-05-23,110.65194702148438,111.48799896240234,112.14749908447266,108.74099731445312,109.5875015258789,37184000
2022-05-24,105.17532348632812,105.97000122070312,106.45850372314453,101.8844985961914,105.77200317382812,76780000
2022-05-25,105.01155853271484,105.80500030517578,106.5,103.85649871826172,104.9854965209961,40258000
2022-05-26,106.98416900634766,107.7925033569336,108.64949798583984,105.2249984741211,105.677001953125,37948000
2022-05-27,111.47423553466797,112.31649780273438,112.31800079345703,109.13849639892578,109.48300170898438,37914000
2022-05-31,112.90890502929688,113.76200103759766,115.73500061035156,112.07849884033203,112.74649810791016,50012000
2022-06-01,113.03791809082031,113.89199829101562,117.10150146484375,113.25,114.8550033569336,36606000
2022-06-02,116.74044799804688,117.62249755859375,117.89949798583984,112.94650268554688,114.0,37992000
2022-06-03,113.68205261230469,114.54100036621094,116.32150268554688,113.51850128173828,116.0625,26136000
2022-06-06,115.9444580078125,116.82050323486328,119.34700012207031,116.16400146484375,116.70449829101562,33542000
2022-06-07,116.27099609375,117.14949798583984,117.69100189208984,115.052001953125,115.48049926757812,31590000
2022-06-08,116.31515502929688,117.19400024414062,118.57050323486328,116.5999984741211,116.7614974975586,26108000
2022-06-09,113.9743423461914,114.83550262451172,118.29900360107422,114.7760009765625,116.32749938964844,25798000
2022-06-10,110.32789611816406,111.1614990234375,113.27899932861328,110.36599731445312,112.44499969482422,41452000
2022-06-13,105.59465026855469,106.39250183105469,108.79149627685547,106.11900329589844,106.7864990234375,47252000
2022-06-14,105.91522979736328,106.71549987792969,107.92449951171875,105.80000305175781,106.53500366210938,33706000
2022-06-15,108.94137573242188,109.7645034790039,111.42350006103516,107.66950225830078,108.54499816894531,39698000
2022-06-16,105.23834991455078,106.03350067138672,108.64849853515625,105.13800048828125,107.22100067138672,51684000
2022-06-17,106.34001922607422,107.14350128173828,108.69950103759766,105.0459976196289,106.03350067138672,51376000
2022-06-21,110.70752716064453,111.54399871826172,112.489501953125,108.5999984741211,108.92949676513672,47416000
2022-06-22,110.65145874023438,111.48750305175781,113.34649658203125,110.38249969482422,110.55650329589844,30774000
2022-06-23,111.4002914428711,112.24199676513672,112.74250030517578,110.50050354003906,112.23149871826172,28362000
2022-06-24,117.09030151367188,117.9749984741211,118.0790023803711,112.95249938964844,112.99500274658203,41164000
2022-06-27,114.9648666381836,115.83350372314453,118.57949829101562,115.17949676513672,118.27300262451172,36420000
2022-06-28,111.16754913330078,112.00749969482422,117.30950164794922,111.8479995727539,115.80249786376953,35792000
2022-06-29,110.86384582519531,111.70149993896484,113.1604995727539,110.87249755859375,111.552001953125,24716000
2022-06-30,108.14588165283203,108.96299743652344,110.88800048828125,106.75,110.0,43170000
2022-07-01,107.92207336425781,108.73750305175781,109.25,106.73049926757812,107.93299865722656,35476000
2022-07-05,112.41363525390625,113.26300048828125,113.37699890136719,105.73149871826172,107.10050201416016,39342000
2022-07-06,113.71280670166016,114.5719985961914,115.5895004272461,111.47599792480469,113.302001953125,37432000
2022-07-07,117.89225006103516,118.78299713134766,119.18949890136719,114.83350372314453,115.08000183105469,40936000
2022-07-08,118.45845794677734,119.35350036621094,119.68499755859375,116.90149688720703,117.25,38238000
2022-07-11,114.80904388427734,115.67649841308594,117.99800109863281,115.33049774169922,117.99800109863281,31196000
2022-07-12,113.16545867919922,114.02050018310547,116.9739990234375,113.69000244140625,116.21499633789062,29960000
2022-07-13,110.5184555053711,111.35350036621094,114.19599914550781,111.20149993896484,111.70099639892578,43722000
2022-07-14,109.53984832763672,110.36750030517578,111.09300231933594,108.37300109863281,110.21050262451172,37004000
2022-07-15,110.93927001953125,111.77749633789062,113.1405029296875,110.9000015258789,112.00050354003906,46770000
2022-07-18,108.21237182617188,109.02999877929688,113.68000030517578,108.37000274658203,112.63999938964844,43164600
2022-07-19,112.95652770996094,113.80999755859375,114.0199966430664,109.55999755859375,110.8499984741211,36530900
2022-07-20,113.04586791992188,113.9000015258789,115.4000015258789,112.4800033569336,113.16999816894531,35600400
2022-07-21,113.48255920410156,114.33999633789062,114.55000305175781,111.11000061035156,114.27999877929688,32676200
2022-07-22,107.09086608886719,107.9000015258789,112.33999633789062,106.5,111.0,48901200
2022-07-25,106.70377349853516,107.51000213623047,109.87000274658203,106.30000305175781,108.41000366210938,34690900
2022-07-26,104.23245239257812,105.0199966430664,107.19999694824219,104.06999969482422,106.5999984741211,47991000
2022-07-27,112.212158203125,113.05999755859375,113.91000366210938,108.01000213623047,109.26000213623047,59858500
2022-07-28,113.36346435546875,114.22000122070312,114.33999633789062,111.45999908447266,112.37000274658203,32816600
2022-07-29,115.44770812988281,116.31999969482422,116.70999908447266,113.05999755859375,113.08000183105469,37223400
2022-08-01,113.99864959716797,114.86000061035156,116.72000122070312,114.33999633789062,115.30000305175781,26034300
2022-08-02,114.26663208007812,115.12999725341797,116.3499984741211,113.72000122070312,114.0,20236000
2022-08-03,117.19451141357422,118.08000183105469,118.62000274658203,115.4800033569336,115.70999908447266,28499000
2022-08-04,117.30369567871094,118.19000244140625,118.77999877929688,116.88999938964844,117.4800033569336,21602900
2022-08-05,116.58909606933594,117.47000122070312,118.11000061035156,116.0,116.2300033569336,19159500
2022-08-08,116.42036437988281,117.30000305175781,120.1500015258789,116.87999725341797,118.38999938964844,19138300
2022-08-09,115.75537872314453,116.62999725341797,117.31999969482422,115.70999908447266,117.13999938964844,19086500
2022-08-10,118.80236053466797,119.69999694824219,120.91999816894531,118.41000366210938,118.77999877929688,30930400
2022-08-11,117.94881439208984,118.83999633789062,121.48999786376953,118.55999755859375,121.27999877929688,24293700
2022-08-12,120.76751708984375,121.68000030517578,121.68000030517578,119.45999908447266,120.26000213623047,19096300
2022-08-15,121.16452026367188,122.08000183105469,122.30000305175781,120.61000061035156,121.12999725341797,19494800
2022-08-16,120.78736114501953,121.69999694824219,122.43000030517578,120.63999938964844,121.5199966430664,19041200
2022-08-17,118.65348815917969,119.55000305175781,121.29000091552734,119.37999725341797,120.12000274658203,22847000
2022-08-18,119.26883697509766,120.16999816894531,120.81999969482422,118.72000122070312,119.43000030517578,17987700
2022-08-19,116.33104705810547,117.20999908447266,119.1500015258789,116.76000213623047,119.05999755859375,21809500
2022-08-22,113.38330841064453,114.23999786376953,115.62999725341797,113.8499984741211,115.19999694824219,21456600
2022-08-23,113.00616455078125,113.86000061035156,115.01000213623047,113.43000030517578,113.4800033569336,15870400
2022-08-24,112.8374252319336,113.69000244140625,114.77999877929688,112.87000274658203,113.5,17734600
2022-08-25,115.7752456665039,116.6500015258789,116.72000122070312,114.11000061035156,114.23999786376953,16956800
2022-08-26,109.51255798339844,110.33999633789062,115.12000274658203,110.19000244140625,114.72000122070312,37245700
2022-08-29,108.59944915771484,109.41999816894531,110.94999694824219,108.80000305175781,109.98999786376953,21191200
2022-08-30,108.12306213378906,108.94000244140625,110.5,107.80000305175781,110.16999816894531,27513300
2022-08-31,107.40845489501953,108.22000122070312,110.8499984741211,108.12999725341797,110.6500015258789,28627000
2022-09-01,108.91706085205078,109.73999786376953,110.44999694824219,107.36000061035156,108.27999877929688,28360900
2022-09-02,107.04122161865234,107.8499984741211,110.73999786376953,107.26000213623047,110.58999633789062,24160700
2022-09-06,106.00902557373047,106.80999755859375,108.02999877929688,105.77999877929688,107.30000305175781,25068300
2022-09-07,108.62922668457031,109.44999694824219,109.9800033569336,106.9000015258789,107.05999755859375,23167000
2022-09-08,107.56725311279297,108.37999725341797,109.5999984741211,107.16000366210938,108.04000091552734,24238300
2022-09-09,109.82022857666016,110.6500015258789,110.98999786376953,109.0199966430664,109.06999969482422,23197700
2022-09-12,110.02864837646484,110.86000061035156,111.62000274658203,109.93000030517578,110.98999786376953,22966800
2022-09-13,103.5376968383789,104.31999969482422,108.30000305175781,104.08999633789062,107.80000305175781,38172900
2022-09-14,104.21260070800781,105.0,105.27999877929688,103.66000366210938,104.56999969482422,26395100
2022-09-15,102.13827514648438,102.91000366210938,105.2699966430664,102.3499984741211,104.02999877929688,34188300
2022-09-16,102.02909851074219,102.80000305175781,103.12999725341797,100.94000244140625,102.06999969482422,42797200
2022-09-19,102.29708099365234,103.06999969482422,103.33000183105469,101.55000305175781,101.75,23036800
2022-09-20,100.38154602050781,101.13999938964844,102.37000274658203,100.5199966430664,102.08000183105469,26517100
2022-09-21,98.53549194335938,99.27999877929688,102.87999725341797,99.2699966430664,101.66999816894531,31487300
2022-09-22,99.38903045654297,100.13999938964844,101.23999786376953,98.79000091552734,98.81999969482422,34298600
2022-09-23,97.99954223632812,98.73999786376953,99.66000366210938,97.47000122070312,99.62999725341797,31625400
2022-09-26,97.4338150024414,98.16999816894531,99.87999725341797,97.80000305175781,98.0999984741211,27072700
2022-09-27,96.76883697509766,97.5,100.0,96.87000274658203,99.43000030517578,30072800
2022-09-28,99.29972839355469,100.05000305175781,100.69999694824219,97.11000061035156,97.6500015258789,32466300
2022-09-29,96.6894302368164,97.41999816894531,98.63999938964844,95.95999908447266,98.63999938964844,31047200
2022-09-30,94.9327163696289,95.6500015258789,98.9000015258789,95.55999755859375,97.05000305175781,32941500
2022-10-03,97.90028381347656,98.63999938964844,99.29000091552734,96.5199966430664,96.76000213623047,27982000
2022-10-04,100.87779235839844,101.63999938964844,101.83999633789062,100.37999725341797,100.44000244140625,28850800
2022-10-05,100.66936492919922,101.43000030517578,101.93000030517578,98.80000305175781,99.83000183105469,22176900
2022-10-06,100.6594467163086,101.41999816894531,102.93000030517578,100.58999633789062,100.68000030517578,22324000
2022-10-07,97.93999481201172,98.68000030517578,100.52999877929688,98.30000305175781,99.8499984741211,27502800
2022-10-10,97.12615203857422,97.86000061035156,99.0999984741211,97.01000213623047,99.0,18225100
2022-10-11,96.45124053955078,97.18000030517578,99.25,96.30999755859375,97.43000030517578,26507100
2022-10-12,96.8283920288086,97.55999755859375,98.75,96.73999786376953,97.30000305175781,21876400
2022-10-13,98.317138671875,99.05999755859375,99.77999877929688,94.37999725341797,95.1500015258789,34574500
2022-10-14,95.83588409423828,96.55999755859375,100.69000244140625,96.37000274658203,99.98999786376953,25410700
2022-10-17,99.22032165527344,99.97000122070312,100.93000030517578,98.83000183105469,98.86000061035156,28419200
2022-10-18,100.01432037353516,100.7699966430664,103.47000122070312,99.97000122070312,103.12999725341797,24060700
2022-10-19,98.88287353515625,99.62999725341797,101.0199966430664,98.91999816894531,100.01000213623047,23811100
2022-10-20,99.22032165527344,99.97000122070312,102.31999969482422,99.38999938964844,100.0,25323200
2022-10-21,100.3716049194336,101.12999725341797,101.30999755859375,97.72000122070312,97.8499984741211,32458700
2022-10-24,101.75118255615234,102.5199966430664,102.75,99.9800033569336,101.80000305175781,27176400
2022-10-25,103.6965103149414,104.4800033569336,104.81999969482422,102.72000122070312,102.9000015258789,40611400
2022-10-26,94.2181167602539,94.93000030517578,98.30999755859375,94.69000244140625,96.43000030517578,88114100
2022-10-27,91.5284423828125,92.22000122070312,95.43000030517578,91.80000305175781,94.5199966430664,60710900
2022-10-28,95.56793212890625,96.29000091552734,96.55000305175781,92.12999725341797,92.2699966430664,43697300
2022-10-31,93.80126953125,94.51000213623047,96.02999877929688,93.9800033569336,95.41999816894531,31675000
2022-11-01,89.79156494140625,90.47000122070312,96.02999877929688,90.37000274658203,95.44999694824219,47161400
2022-11-02,86.31780242919922,86.97000122070312,91.18000030517578,86.87999725341797,90.94000244140625,57038300
2022-11-03,82.80435180664062,83.43000030517578,86.5199966430664,83.33999633789062,86.31999969482422,61288000
2022-11-04,85.93073272705078,86.58000183105469,86.63999938964844,83.70999908447266,85.4000015258789,51124900
2022-11-07,87.82640838623047,88.48999786376953,88.9000015258789,86.8499984741211,87.27999877929688,34078900
2022-11-08,88.23333740234375,88.9000015258789,90.31999969482422,87.58999633789062,88.9000015258789,30429000
2022-11-09,86.66517639160156,87.31999969482422,89.44000244140625,87.27999877929688,88.44999694824219,31769100
2022-11-10,93.23554229736328,93.94000244140625,94.38999938964844,91.61000061035156,92.25,51620100
2022-11-11,95.68702697753906,96.41000366210938,96.93000030517578,93.91999816894531,94.69000244140625,33090500
2022-11-14,94.98233032226562,95.69999694824219,96.79000091552734,94.51000213623047,95.08999633789062,30179500
2022-11-15,97.70178985595703,98.44000244140625,100.13999938964844,96.70999908447266,98.26000213623047,41640800
2022-11-16,98.10871887207031,98.8499984741211,99.63999938964844,97.63999938964844,97.9000015258789,29105200
2022-11-17,97.62239074707031,98.36000061035156,99.27999877929688,96.79000091552734,96.97000122070312,26052600
2022-11-18,96.6993637084961,97.43000030517578,98.9000015258789,96.37000274658203,98.7699966430664,28342300
2022-11-21,94.88308715820312,95.5999984741211,98.4000015258789,95.36000061035156,97.29000091552734,21647400
2022-11-22,96.32221984863281,97.05000305175781,97.22000122070312,94.05000305175781,95.94999694824219,23438500
2022-11-23,97.72164916992188,98.45999908447266,98.76000213623047,97.08999633789062,97.08999633789062,18868100
2022-11-25,96.72913360595703,97.45999908447266,98.63999938964844,97.4000015258789,98.23999786376953,9701400
2022-11-28,95.32972717285156,96.05000305175781,97.58000183105469,95.61000061035156,97.04000091552734,26237500
2022-11-29,94.4761734008789,95.19000244140625,96.12000274658203,94.11000061035156,95.7300033569336,20061700
2022-11-30,100.23267364501953,100.98999786376953,101.04000091552734,94.41999816894531,94.81999969482422,43647500
2022-12-01,100.23267364501953,100.98999786376953,102.25,100.25,101.0199966430664,28687100
2022-12-02,99.68679809570312,100.44000244140625,100.7699966430664,98.9000015258789,99.05000305175781,21480700
2022-12-05,98.73399353027344,99.4800033569336,101.37999725341797,99.0,99.4000015258789,24405100
2022-12-06,96.25273895263672,96.9800033569336,99.77999877929688,96.41999816894531,99.30000305175781,24910700
2022-12-07,94.22804260253906,94.94000244140625,96.87999725341797,94.72000122070312,96.41000366210938,31045400
2022-12-08,93.00727081298828,93.70999908447266,95.58000183105469,93.44999694824219,95.37999725341797,32213300
2022-12-09,92.13386535644531,92.83000183105469,94.26000213623047,92.75,93.7699966430664,28225400
2022-12-12,92.61026763916016,93.30999755859375,93.55999755859375,91.61000061035156,92.70999908447266,29420000
2022-12-13,94.9128646850586,95.62999725341797,99.52999877929688,95.02999877929688,97.76000213623047,40593700
2022-12-14,94.35707092285156,95.06999969482422,96.87000274658203,93.5999984741211,95.19999694824219,28733600
2022-12-15,90.17863464355469,90.86000061035156,93.63999938964844,90.01000213623047,93.12999725341797,40107000
2022-12-16,89.58313751220703,90.26000213623047,91.33000183105469,89.5199966430664,90.76000213623047,58011800
2022-12-19,87.77678680419922,88.44000244140625,90.55999755859375,88.20999908447266,90.26000213623047,29493000
2022-12-20,88.35243225097656,89.0199966430664,89.18000030517578,87.44000244140625,88.11000061035156,23453800
2022-12-21,88.90823364257812,89.58000183105469,90.22000122070312,88.31999969482422,89.08000183105469,24745600
2022-12-22,87.10188293457031,87.76000213623047,88.54000091552734,86.31999969482422,88.16000366210938,27658300
2022-12-23,88.56085968017578,89.2300033569336,89.55000305175781,87.06999969482422,87.11000061035156,23003000
2022-12-27,86.73465728759766,87.38999938964844,88.94000244140625,87.01000213623047,88.80000305175781,20097300
2022-12-28,85.37493133544922,86.0199966430664,88.04000091552734,85.94000244140625,86.9800033569336,19523200
2022-12-29,87.78670501708984,88.44999694824219,88.8499984741211,86.61000061035156,86.62000274658203,23333500
2022-12-30,87.56835174560547,88.2300033569336,88.30000305175781,86.56999969482422,86.9800033569336,23986300
2023-01-03,88.45169067382812,89.12000274658203,91.05000305175781,88.5199966430664,89.58999633789062,28131200
2023-01-04,87.41948699951172,88.08000183105469,90.6500015258789,87.2699966430664,90.3499984741211,34854800
2023-01-05,85.5535888671875,86.19999694824219,87.56999969482422,85.9000015258789,87.47000122070312,27194400
2023-01-06,86.6850357055664,87.33999633789062,87.69000244140625,84.86000061035156,86.79000091552734,41381500
2023-01-09,87.35993194580078,88.0199966430664,90.05000305175781,87.86000061035156,88.36000061035156,29003900
2023-01-10,87.75692749023438,88.41999816894531,88.66999816894531,85.83000183105469,85.9800033569336,30467800
2023-01-11,90.83368682861328,91.5199966430664,91.5999984741211,89.01000213623047,89.18000030517578,26862000
2023-01-12,90.44660186767578,91.12999725341797,91.87000274658203,89.75,91.4800033569336,30258100
2023-01-13,91.42919158935547,92.12000274658203,92.19000244140625,90.12999725341797,90.8499984741211,26329200
2023-01-17,90.60540771484375,91.29000091552734,92.25,90.05000305175781,92.05999755859375,32602400
2023-01-18,90.43668365478516,91.12000274658203,92.80000305175781,90.63999938964844,92.13999938964844,29116700
2023-01-19,92.35221862792969,93.05000305175781,93.61000061035156,90.62999725341797,90.72000122070312,37000400
2023-01-20,97.2849349975586,98.0199966430664,98.30000305175781,95.0199966430664,95.0999984741211,63191100
2023-01-23,99.04167175292969,99.79000091552734,100.04000091552734,97.5,97.94999694824219,40005100
2023-01-24,96.96733856201172,97.69999694824219,99.61000061035156,97.19999694824219,98.0999984741211,33078500
2023-01-25,94.50594329833984,95.22000122070312,96.16000366210938,93.76000213623047,95.56999969482422,42330000
2023-01-26,96.78868865966797,97.5199966430664,97.56999969482422,95.37999725341797,96.5,30114000
2023-01-27,98.62482452392578,99.37000274658203,100.31999969482422,97.30999755859375,97.30999755859375,33879800
2023-01-30,96.21304321289062,96.94000244140625,98.29000091552734,96.4000015258789,97.4800033569336,27226200
2023-01-31,98.09878540039062,98.83999633789062,98.87999725341797,96.81999969482422,96.87000274658203,29870700
2023-02-01,99.67687225341797,100.43000030517578,101.19000244140625,97.58000183105469,98.70999908447266,35531100
2023-02-02,106.93205261230469,107.73999786376953,107.8499984741211,105.61000061035156,105.80000305175781,69883800
2023-02-03,103.99425506591797,104.77999877929688,107.80999755859375,102.58000183105469,102.93000030517578,65309300
2023-02-06,102.12834167480469,102.9000015258789,104.36000061035156,101.87999725341797,102.4000015258789,31999600
2023-02-07,106.83280944824219,107.63999938964844,108.18000030517578,103.12000274658203,103.22000122070312,49010200
2023-02-08,98.62482452392578,99.37000274658203,103.13999938964844,98.04000091552734,102.05000305175781,94743500
2023-02-09,94.29751586914062,95.01000213623047,100.02999877929688,93.62999725341797,100.0,119455000
2023-02-10,93.86080932617188,94.56999969482422,96.75,94.25,95.44999694824219,54980700
2023-02-13,93.90052032470703,94.61000061035156,95.19999694824219,93.83999633789062,94.73999786376953,50076100
2023-02-14,93.9699935913086,94.68000030517578,94.8499984741211,92.26000213623047,94.43000030517578,54726100
2023-02-15,96.21304321289062,96.94000244140625,97.12000274658203,94.1500015258789,94.48999786376953,50169000
2023-02-16,94.79376220703125,95.51000213623047,97.68000030517578,94.73999786376953,95.37000274658203,42462600
2023-02-17,93.64246368408203,94.3499984741211,95.55999755859375,93.20999908447266,94.8499984741211,34284100
2023-02-21,91.1016616821289,91.79000091552734,93.0999984741211,91.72000122070312,93.0,33629300
2023-02-22,90.96269989013672,91.6500015258789,92.11000061035156,90.61000061035156,91.69999694824219,30884000
2023-02-23,90.20840454101562,90.88999938964844,91.94000244140625,89.76000213623047,91.91999816894531,41206400
2023-02-24,88.46160125732422,89.12999725341797,89.88999938964844,88.58000183105469,89.44000244140625,36585100
2023-02-27,89.19606018066406,89.87000274658203,90.16000366210938,89.33999633789062,89.87000274658203,27502300
2023-02-28,89.38463592529297,90.05999755859375,91.2300033569336,89.31999969482422,89.33000183105469,30142000
2023-03-01,89.68238830566406,90.36000061035156,91.02999877929688,89.66999816894531,89.9800033569336,31111200
2023-03-02,91.3100814819336,92.0,92.27999877929688,89.58999633789062,89.66000366210938,32204400
2023-03-03,92.94772338867188,93.6500015258789,93.7300033569336,92.44999694824219,92.4800033569336,35160100
2023-03-06,94.41661834716797,95.12999725341797,95.97000122070312,94.0,94.0199966430664,32639300
2023-03-07,93.15614318847656,93.86000061035156,95.66999816894531,93.52999877929688,94.9800033569336,27835500
2023-03-08,93.54322052001953,94.25,95.95999908447266,94.0,94.12000274658203,34103300
2023-03-09,91.62769317626953,92.31999969482422,95.52999877929688,91.9000015258789,94.05000305175781,28813500
2023-03-10,89.95035552978516,90.62999725341797,92.79000091552734,90.4000015258789,92.16999816894531,35941000
2023-03-13,90.42675018310547,91.11000061035156,92.56999969482422,89.41999816894531,90.08999633789062,37335600
2023-03-14,93.26531982421875,93.97000122070312,94.36000061035156,92.44000244140625,92.55999755859375,36050200
2023-03-15,95.38927459716797,96.11000061035156,96.93000030517578,92.63999938964844,93.22000122070312,50622100
2023-03-16,99.56769561767578,100.31999969482422,101.19000244140625,95.5,96.19999694824219,65492000
2023-03-17,100.85794067382812,101.62000274658203,102.83999633789062,100.0999984741211,100.26000213623047,61028500
2023-03-20,100.46094512939453,101.22000122070312,101.75,99.87000274658203,100.12000274658203,32960400
2023-03-21,104.1332015991211,104.91999816894531,105.0999984741211,101.22000122070312,101.25,42110300
2023-03-22,102.5948257446289,103.37000274658203,106.58999633789062,103.33000183105469,104.2699966430664,43427400
2023-03-23,104.80809783935547,105.5999984741211,106.30000305175781,104.45999908447266,105.05999755859375,40797800
2023-03-24,104.64929962158203,105.44000244140625,105.48999786376953,103.83999633789062,104.98999786376953,30393300
2023-03-27,101.691650390625,102.45999908447266,104.76000213623047,101.93000030517578,104.62000274658203,31120900
2023-03-28,100.2723617553711,101.02999877929688,102.44999694824219,99.73999786376953,102.44000244140625,32057900
2023-03-29,100.6296615600586,101.38999938964844,102.48999786376953,100.6500015258789,102.27999877929688,28779600
2023-03-30,100.13341522216797,100.88999938964844,101.16000366210938,99.77999877929688,100.91000366210938,33086200
2023-03-31,102.95211791992188,103.7300033569336,103.88999938964844,101.04000091552734,101.30000305175781,36863400
2023-04-03,103.57740783691406,104.36000061035156,104.52999877929688,101.93000030517578,102.38999938964844,25035400
2023-04-04,103.9347152709961,104.72000122070312,105.58000183105469,104.04000091552734,104.33000183105469,24420100
2023-04-05,103.68656921386719,104.47000122070312,106.0999984741211,103.66000366210938,105.77999877929688,28290500
2023-04-06,107.60694885253906,108.41999816894531,109.16999816894531,104.33000183105469,105.26000213623047,48711500
2023-04-10,105.64179992675781,106.44000244140625,107.58999633789062,105.12000274658203,106.9800033569336,27067400
2023-04-11,104.55997467041016,105.3499984741211,106.7300033569336,104.68000030517578,106.55000305175781,26311800
2023-04-12,103.85530090332031,104.63999938964844,106.75,104.33999633789062,106.58000183105469,24370300
2023-04-13,106.6243667602539,107.43000030517578,107.48999786376953,105.83999633789062,105.83999633789062,24843600
2023-04-14,108.0535888671875,108.87000274658203,108.94000244140625,106.83999633789062,106.88999938964844,26578000
2023-04-17,105.17532348632812,105.97000122070312,106.16000366210938,104.5199966430664,104.66000366210938,37571200
2023-04-18,103.71635437011719,104.5,106.54000091552734,104.06999969482422,106.48999786376953,26596400
2023-04-19,103.39875030517578,104.18000030517578,104.9800033569336,103.06999969482422,103.58000183105469,20905700
2023-04-20,104.50041961669922,105.29000091552734,106.25,103.87000274658203,103.91000366210938,27820800
2023-04-21,104.6195297241211,105.41000366210938,106.0,104.77999877929688,105.47000122070312,25800100
2023-04-24,105.17532348632812,105.97000122070312,106.62999725341797,104.69999694824219,105.48999786376953,23542800
2023-04-25,103.07122039794922,103.8499984741211,106.69000244140625,103.83999633789062,105.83000183105469,46664100
2023-04-26,102.9322738647461,103.70999908447266,106.3499984741211,102.62999725341797,104.91999816894531,53347600
2023-04-27,106.78317260742188,107.58999633789062,108.37000274658203,103.54000091552734,104.44999694824219,50089200
2023-04-28,106.53504943847656,107.33999633789062,107.3499984741211,105.08999633789062,107.04000091552734,36139800
2023-05-01,106.3960952758789,107.19999694824219,107.98999786376953,106.81999969482422,106.83999633789062,26681700
2023-05-02,104.53020477294922,105.31999969482422,107.19999694824219,103.70999908447266,107.13999938964844,30997200
2023-05-03,104.6195297241211,105.41000366210938,107.48999786376953,104.95999908447266,105.52999877929688,21795400
2023-05-04,103.90491485595703,104.69000244140625,105.5999984741211,103.97000122070312,105.48999786376953,23419500
2023-05-05,104.77832794189453,105.56999969482422,105.87999725341797,104.11000061035156,104.81999969482422,26639300
2023-05-08,106.9618148803711,107.7699966430664,107.95999908447266,105.16000366210938,105.18000030517578,26511400
2023-05-09,106.54497528076172,107.3499984741211,110.1500015258789,107.19000244140625,108.38999938964844,36360100
2023-05-10,110.91197204589844,111.75,112.94000244140625,107.93000030517578,107.97000122070312,63153400
2023-05-11,115.69583129882812,116.56999969482422,117.91999816894531,114.41000366210938,115.4000015258789,78900000
2023-05-12,116.62879943847656,117.51000213623047,118.02999877929688,116.11000061035156,116.68000030517578,41102300
2023-05-15,115.63629150390625,116.51000213623047,118.4800033569336,116.01000213623047,116.11000061035156,36266800
2023-05-16,118.61380004882812,119.51000213623047,120.75,116.43000030517578,116.48999786376953,45035600
2023-05-17,119.93380737304688,120.83999633789062,121.66999816894531,118.88999938964844,119.61000061035156,33323600
2023-05-18,121.90889739990234,122.83000183105469,123.30999755859375,120.83000183105469,120.94999694824219,35234200
2023-05-19,121.83941650390625,122.76000213623047,125.97000122070312,122.1500015258789,123.55000305175781,41353400
2023-05-22,124.11224365234375,125.05000305175781,126.43000030517578,122.73999786376953,122.94000244140625,35253000
2023-05-23,121.64091491699219,122.55999755859375,124.62999725341797,122.20999908447266,124.16000366210938,34046300
2023-05-24,119.99336242675781,120.9000015258789,121.91000366210938,119.86000061035156,121.12000274658203,34182600
2023-05-25,122.55400848388672,123.4800033569336,125.31999969482422,121.95999908447266,124.5199966430664,42317000
2023-05-26,123.67554473876953,124.61000061035156,125.26000213623047,122.44999694824219,123.16999816894531,35635900
2023-05-30,122.74259185791016,123.66999816894531,125.66000366210938,122.0,125.63999938964844,35076700
2023-05-31,121.94859313964844,122.87000274658203,124.05999755859375,122.5,122.75,37325800
2023-06-01,122.79220581054688,123.72000122070312,124.41999816894531,122.62000274658203,122.81999969482422,30772700
2023-06-02,123.73509979248047,124.66999816894531,126.1500015258789,123.76000213623047,123.98999786376953,26980100
2023-06-05,125.06504821777344,126.01000213623047,127.43000030517578,123.83999633789062,124.01000213623047,32305500
2023-06-06,126.35529327392578,127.30999755859375,128.2899932861328,125.36000061035156,126.01000213623047,26638300
2023-06-07,121.58136749267578,122.5,129.0399932861328,122.12000274658203,126.97000122070312,52539000
2023-06-08,121.22406768798828,122.13999938964844,123.2300033569336,121.23999786376953,122.2300033569336,29389200
2023-06-09,121.31338500976562,122.2300033569336,123.76000213623047,121.91000366210938,122.25,23778300
2023-06-12,122.71280670166016,123.63999938964844,124.05000305175781,121.66000366210938,122.79000091552734,28306400
2023-06-13,122.9013900756836,123.83000183105469,125.16000366210938,123.18000030517578,124.9800033569336,22278300
2023-06-14,122.74259185791016,123.66999816894531,124.05000305175781,121.44999694824219,123.0999984741211,30592300
2023-06-15,124.15193939208984,125.08999633789062,125.45999908447266,122.4000015258789,123.13999938964844,35246300
2023-06-16,122.6036376953125,123.52999877929688,126.11000061035156,123.27999877929688,125.93000030517578,45535600
2023-06-20,122.17686462402344,123.0999984741211,124.56999969482422,122.13999938964844,122.93000030517578,26097500
2023-06-21,119.64599609375,120.55000305175781,122.66000366210938,120.0999984741211,122.4000015258789,30306300
2023-06-22,122.22649383544922,123.1500015258789,123.23999786376953,118.83000183105469,120.0,26952200
2023-06-23,121.42256164550781,122.33999633789062,122.79000091552734,121.05999755859375,121.37999725341797,34913600
2023-06-26,117.45256042480469,118.33999633789062,122.0,118.2699966430664,120.76000213623047,33969900
2023-06-27,117.44263458251953,118.33000183105469,119.08000183105469,116.0999984741211,117.08000183105469,39535900
2023-06-28,119.27876281738281,120.18000030517578,120.38999938964844,116.8499984741211,117.08999633789062,27091400
2023-06-29,118.20687103271484,119.0999984741211,120.05999755859375,118.30000305175781,119.23999786376953,24090900
2023-06-30,118.80236053466797,119.69999694824219,121.08000183105469,119.69000244140625,120.16999816894531,29532200
2023-07-03,119.00086212158203,119.9000015258789,120.19000244140625,118.81999969482422,119.23999786376953,14467900
2023-07-05,120.83699035644531,121.75,122.61000061035156,119.2300033569336,119.23999786376953,27584800
2023-07-06,119.20929718017578,120.11000061035156,120.30000305175781,118.4000015258789,119.80000305175781,24745200
2023-07-07,118.5840072631836,119.4800033569336,121.05000305175781,119.4000015258789,120.0999984741211,21709500
2023-07-10,115.57673645019531,116.44999694824219,118.30999755859375,116.13999938964844,118.30000305175781,35315200
2023-07-11,116.26155853271484,117.13999938964844,117.70999908447266,115.3499984741211,116.29000091552734,23078800
2023-07-12,118.03813171386719,118.93000030517578,120.33000183105469,118.41000366210938,118.80000305175781,30404400
2023-07-13,123.60606384277344,124.54000091552734,124.83000183105469,120.44999694824219,120.93000030517578,44297900
2023-07-14,124.47946166992188,125.41999816894531,126.77999877929688,123.48999786376953,124.80000305175781,33283100
2023-07-17,123.71524047851562,124.6500015258789,127.0999984741211,124.19999694824219,125.94000244140625,25716200
2023-07-18,122.83190155029297,123.76000213623047,124.68000030517578,122.95999908447266,124.5999984741211,26193600
2023-07-19,121.1148910522461,122.02999877929688,125.18000030517578,121.80000305175781,124.5999984741211,37224000
2023-07-20,118.30611419677734,119.19999694824219,124.08999633789062,118.22000122070312,121.41999816894531,37906800
2023-07-21,119.11995697021484,120.0199966430664,120.98999786376953,118.7300033569336,120.62000274658203,72937900
2023-07-24,120.61863708496094,121.52999877929688,123.0,120.9800033569336,121.66000366210938,29686100
2023-07-25,121.29354095458984,122.20999908447266,123.1500015258789,121.0199966430664,121.36000061035156,52509600
2023-07-26,128.3006134033203,129.27000427246094,130.97999572753906,128.32000732421875,130.07000732421875,61682100
2023-07-27,128.42962646484375,129.39999389648438,133.24000549316406,128.7899932861328,131.6699981689453,44952100
2023-07-28,131.58578491210938,132.5800018310547,133.74000549316406,130.57000732421875,130.77999877929688,36591200
2023-07-31,131.72474670410156,132.72000122070312,133.52999877929688,131.77999877929688,132.72999572753906,28055500
2023-08-01,130.5635223388672,131.5500030517578,132.6300048828125,130.67999267578125,130.77999877929688,23166800
2023-08-02,127.41728210449219,128.3800048828125,130.08999633789062,127.55999755859375,129.4499969482422,26273300
2023-08-03,127.48673248291016,128.4499969482422,129.38999938964844,127.41999816894531,127.97000122070312,20089500
2023-08-04,127.1492919921875,128.11000061035156,131.50999450683594,127.91000366210938,129.27999877929688,26147200
2023-08-07,130.54364013671875,131.52999877929688,131.61000061035156,129.02000427246094,129.16000366210938,22746300
2023-08-08,130.4146270751953,131.39999389648438,131.50999450683594,129.5399932861328,130.6199951171875,23535200
2023-08-09,128.6876678466797,129.66000366210938,132.0399932861328,129.0,131.66000366210938,24912900
2023-08-10,128.71743774414062,129.69000244140625,132.0500030517578,129.4499969482422,131.32000732421875,20857800
2023-08-11,128.5884246826172,129.55999755859375,129.92999267578125,128.1699981689453,128.66000366210938,19591100
2023-08-14,130.34515380859375,131.3300018310547,131.3699951171875,128.9600067138672,129.38999938964844,24695600
2023-08-15,128.80677795410156,129.77999877929688,131.4199981689453,129.27999877929688,131.10000610351562,19770700
2023-08-16,127.73487091064453,128.6999969482422,130.27999877929688,127.87000274658203,128.6999969482422,25216100
2023-08-17,128.9457244873047,129.9199981689453,131.99000549316406,129.2899932861328,129.8000030517578,33446300
2023-08-18,126.5041732788086,127.45999908447266,129.25,126.37999725341797,128.50999450683594,30504800
2023-08-21,127.40734100341797,128.3699951171875,128.72999572753906,126.55999755859375,127.18000030517578,25248700
2023-08-22,128.11203002929688,129.0800018310547,130.27999877929688,128.32000732421875,128.50999450683594,22054900
2023-08-23,131.37734985351562,132.3699951171875,133.41000366210938,129.8699951171875,130.17999267578125,27819700
2023-08-24,128.80677795410156,129.77999877929688,134.25,129.57000732421875,133.9499969482422,28500700
2023-08-25,128.90603637695312,129.8800048828125,130.75999450683594,127.25,129.5399932861328,26762900
2023-08-28,130.0275421142578,131.00999450683594,132.5399932861328,130.13999938964844,131.30999755859375,20543300
2023-08-29,133.56085205078125,134.57000732421875,136.57000732421875,132.24000549316406,132.24000549316406,43075600
2023-08-30,134.8610382080078,135.8800048828125,136.27999877929688,134.07000732421875,134.77999877929688,28315800
2023-08-31,135.1488494873047,136.1699981689453,138.0,135.7899932861328,136.00999450683594,30053800
2023-09-01,134.6426544189453,135.66000366210938,137.4600067138672,134.85000610351562,137.4600067138672,21543700
2023-09-05,134.75186157226562,135.77000427246094,136.4199981689453,134.5800018310547,135.44000244140625,19403100
2023-09-06,133.45167541503906,134.4600067138672,136.52999877929688,133.6699981689453,136.02000427246094,18684500
2023-09-07,134.2456512451172,135.25999450683594,135.5800018310547,132.9499969482422,133.58999633789062,18844300
2023-09-08,135.35728454589844,136.3800048828125,136.66000366210938,134.85000610351562,134.91000366210938,23558300
2023-09-11,135.8932342529297,136.9199981689453,137.47999572753906,135.7899932861328,136.5399932861328,20763400
2023-09-12,134.32505798339844,135.33999633789062,136.8699951171875,135.19000244140625,136.25999450683594,18405500
2023-09-13,135.68482971191406,136.7100067138672,136.89999389648438,134.14999389648438,135.08999633789062,20749500
2023-09-14,137.06439208984375,138.10000610351562,138.6999969482422,136.24000549316406,137.60000610351562,24751000
2023-09-15,136.36962890625,137.39999389648438,138.52000427246094,136.47999572753906,137.97999572753906,38919600
2023-09-18,137.17356872558594,138.2100067138672,139.16000366210938,136.61000061035156,136.61000061035156,21861300
2023-09-19,137.0048065185547,138.0399932861328,138.41000366210938,136.6199951171875,137.4199981689453,20353700
2023-09-20,132.73707580566406,133.74000549316406,138.0800018310547,133.6199951171875,138.0800018310547,29927500
2023-09-21,129.4618377685547,130.44000244140625,132.22999572753906,130.07000732421875,131.44000244140625,31503900
2023-09-22,129.27325439453125,130.25,132.02999877929688,129.60000610351562,130.75999450683594,26397300
2023-09-25,130.12681579589844,131.11000061035156,131.1699981689453,128.9600067138672,129.8300018310547,20094600
2023-09-26,127.60585021972656,128.57000732421875,130.36000061035156,127.22000122070312,129.77000427246094,25718700
2023-09-27,129.5610809326172,130.5399932861328,130.89999389648438,128.57000732421875,128.57000732421875,22746500
2023-09-28,131.3177947998047,132.30999755859375,133.3000030517578,129.7899932861328,129.83999633789062,22513100
2023-09-29,129.878662109375,130.86000061035156,134.0500030517578,130.36000061035156,133.27999877929688,30859800
2023-10-02,133.1638641357422,134.1699981689453,134.4199981689453,131.1699981689453,131.2100067138672,22288000
2023-10-03,131.43690490722656,132.42999267578125,134.25999450683594,131.83999633789062,133.94000244140625,22989400
2023-10-04,134.225830078125,135.24000549316406,135.57000732421875,132.52999877929688,132.7899932861328,26752300
2023-10-05,134.05711364746094,135.07000732421875,135.49000549316406,133.4499969482422,135.07000732421875,19832600
2023-10-06,136.5482635498047,137.5800018310547,138.16000366210938,134.00999450683594,134.00999450683594,27597600
2023-10-09,137.38197326660156,138.4199981689453,138.94000244140625,135.61000061035156,136.94000244140625,19278100
2023-10-10,137.024658203125,138.05999755859375,139.72000122070312,137.3300018310547,138.5,27786600
2023-10-11,139.49600219726562,140.5500030517578,141.11000061035156,138.5800018310547,138.5800018310547,25884300
2023-10-12,137.92784118652344,138.97000122070312,141.22000122070312,138.25999450683594,141.0500030517578,24765500
2023-10-13,136.32992553710938,137.36000061035156,140.0,136.6199951171875,139.3800048828125,23420500
2023-10-16,138.056884765625,139.10000610351562,139.6300048828125,137.99000549316406,138.1699981689453,28501900
2023-10-17,138.67222595214844,139.72000122070312,139.89999389648438,137.17999267578125,138.6300048828125,23515800
2023-10-18,136.92543029785156,137.9600067138672,140.72000122070312,137.3800048828125,139.4499969482422,23375000
2023-10-19,136.7169952392578,137.75,139.66000366210938,137.3800048828125,138.5,26066000
2023-10-20,134.58314514160156,135.60000610351562,137.8699951171875,135.0800018310547,137.3300018310547,26335700
2023-10-23,135.47637939453125,136.5,137.66000366210938,133.9499969482422,135.0399932861328,26317900
2023-10-24,137.76904296875,138.80999755859375,139.36000061035156,137.4199981689453,137.8300018310547,44814300
2023-10-25,124.66804504394531,125.61000061035156,128.30999755859375,125.06999969482422,128.16000366210938,84366200
2023-10-26,121.36302185058594,122.27999877929688,124.33000183105469,121.2699966430664,123.2699966430664,57061100
2023-10-27,121.25382995605469,122.16999816894531,123.30999755859375,120.20999908447266,122.87999725341797,44566500
2023-10-30,123.52666473388672,124.45999908447266,125.4000015258789,122.75,123.20999908447266,28940100
2023-10-31,123.1495132446289,124.08000183105469,125.37000274658203,122.69000244140625,125.05999755859375,26292300
2023-11-01,125.50174713134766,126.44999694824219,126.48999786376953,123.72000122070312,124.06999969482422,30082400
2023-11-02,126.533935546875,127.48999786376953,128.97999572753906,126.93000030517578,128.4199981689453,27124600
2023-11-03,128.1318817138672,129.10000610351562,129.52999877929688,127.86000061035156,128.02000427246094,26393100
2023-11-06,129.27325439453125,130.25,130.33999633789062,128.6699981689453,129.0500030517578,19052700
2023-11-07,129.98785400390625,130.97000122070312,131.91000366210938,129.8800048828125,130.7100067138672,29757300
2023-11-08,130.851318359375,131.83999633789062,132.2100067138672,130.77999877929688,130.97000122070312,26425800
2023-11-09,129.26332092285156,130.24000549316406,132.5500030517578,130.07000732421875,131.9600067138672,23747800
2023-11-10,131.595703125,132.58999633789062,132.8000030517578,129.41000366210938,130.10000610351562,26913300
2023-11-13,131.09945678710938,132.08999633789062,132.58999633789062,131.25,131.77999877929688,18324800
2023-11-14,132.6179656982422,133.6199951171875,135.6999969482422,133.32000732421875,134.19000244140625,32395200
2023-11-15,133.61045837402344,134.6199951171875,135.02999877929688,133.57000732421875,134.8699951171875,23861500
2023-11-16,135.9031219482422,136.92999267578125,137.22000122070312,134.32000732421875,135.19000244140625,28013200
2023-11-17,134.29530334472656,135.30999755859375,136.05999755859375,133.64999389648438,136.0,37240600
2023-11-20,135.22824096679688,136.25,136.66000366210938,133.6199951171875,133.69000244140625,27815500
2023-11-21,135.94284057617188,136.97000122070312,137.17999267578125,135.9600067138672,136.2899932861328,22635300
2023-11-22,137.4514617919922,138.49000549316406,139.4199981689453,137.47000122070312,137.47000122070312,17813900
2023-11-24,135.66493225097656,136.69000244140625,138.1300048828125,135.99000549316406,138.02999877929688,12514300
2023-11-27,135.3870391845703,136.41000366210938,138.4199981689453,136.0,136.02999877929688,23436500
2023-11-28,136.17112731933594,137.1999969482422,137.25,135.4199981689453,136.0800018310547,18730000
2023-11-29,133.97772216796875,134.99000549316406,138.2899932861328,134.83999633789062,137.57000732421875,23967200
2023-11-30,131.53614807128906,132.52999877929688,135.5500030517578,131.27999877929688,135.0500030517578,38988300
2023-12-01,130.87115478515625,131.86000061035156,132.11000061035156,130.6699981689453,131.86000061035156,31442300
2023-12-04,128.3006134033203,129.27000427246094,130.02999877929688,127.9000015258789,129.8800048828125,36669900
2023-12-05,130.00772094726562,130.99000549316406,132.13999938964844,128.25,128.9499969482422,27384800
2023-12-06,129.04498291015625,130.02000427246094,131.83999633789062,129.8800048828125,131.44000244140625,23576200
2023-12-07,135.9031219482422,136.92999267578125,138.55999755859375,134.6999969482422,135.0399932861328,56767100
2023-12-08,133.97772216796875,134.99000549316406,136.39999389648438,134.02999877929688,134.1999969482422,32260100
2023-12-11,132.29043579101562,133.2899932861328,133.33999633789062,131.36000061035156,132.3800048828125,31138000
2023-12-12,131.5262451171875,132.52000427246094,133.0,131.25999450683594,131.80999755859375,29032800
2023-12-13,131.57586669921875,132.57000732421875,133.5,131.57000732421875,133.3800048828125,30104800
2023-12-14,130.9505615234375,131.94000244140625,133.72000122070312,129.69000244140625,133.3800048828125,38722400
2023-12-15,131.6056365966797,132.60000610351562,133.50999450683594,131.17999267578125,131.6199951171875,50847100
2023-12-18,134.78163146972656,135.8000030517578,137.14999389648438,132.42999267578125,132.6300048828125,32258000
2023-12-19,135.625244140625,136.64999389648438,137.47000122070312,136.0800018310547,136.83999633789062,25476800
2023-12-20,137.30258178710938,138.33999633789062,141.6999969482422,138.07000732421875,138.97000122070312,49107200
2023-12-21,139.3669891357422,140.4199981689453,140.69000244140625,139.17999267578125,139.49000549316406,27488300
2023-12-22,140.42897033691406,141.49000549316406,141.99000549316406,140.7100067138672,140.77000427246094,26532200
2023-12-26,140.45875549316406,141.52000427246094,142.67999267578125,141.19000244140625,141.58999633789062,16780300
2023-12-27,139.31736755371094,140.3699951171875,142.0800018310547,139.88999938964844,141.58999633789062,19628600
2023-12-28,139.17840576171875,140.22999572753906,141.13999938964844,139.75,140.77999877929688,16045700
2023-12-29,138.64247131347656,139.69000244140625,140.36000061035156,138.77999877929688,139.6300048828125,18733000
2024-01-02,137.13385009765625,138.1699981689453,139.4499969482422,136.47999572753906,138.5500030517578,23711200
2024-01-03,137.8782196044922,138.9199981689453,139.6300048828125,137.0800018310547,137.25,24212100
2024-01-04,135.3671875,136.38999938964844,139.16000366210938,136.35000610351562,138.4199981689453,27137700
2024-01-05,134.71212768554688,135.72999572753906,137.16000366210938,135.14999389648438,136.75,22513900
2024-01-08,137.798828125,138.83999633789062,139.00999450683594,136.25999450683594,136.2899932861328,21404000
2024-01-09,139.89300537109375,140.9499969482422,141.49000549316406,138.14999389648438,138.5,24759600
2024-01-10,141.21302795410156,142.27999877929688,143.0,140.91000366210938,141.0,21320200
2024-01-11,141.01454162597656,142.0800018310547,145.22000122070312,140.63999938964844,143.49000549316406,24008700
2024-01-12,141.58023071289062,142.64999389648438,143.1999969482422,141.82000732421875,142.6699981689453,18785500
2024-01-16,141.4214630126953,142.49000549316406,144.35000610351562,141.4499969482422,142.0,22670500
2024-01-17,140.4091339111328,141.47000122070312,141.83999633789062,138.89999389648438,141.35000610351562,20968600
2024-01-18,142.40402221679688,143.47999572753906,144.2100067138672,141.99000549316406,142.0500030517578,25746400
2024-01-19,145.2823028564453,146.3800048828125,146.4499969482422,144.3800048828125,144.74000549316406,34271900
2024-01-22,144.89520263671875,145.99000549316406,148.38999938964844,145.83999633789062,147.10000610351562,32200400
2024-01-23,145.93731689453125,147.0399932861328,147.17999267578125,145.5,145.88999938964844,21636100
2024-01-24,147.58486938476562,148.6999969482422,149.85000610351562,148.10000610351562,148.5399932861328,25233500
2024-01-25,150.73109436035156,151.8699951171875,153.0500030517578,149.5399932861328,150.07000732421875,29149100
2024-01-26,151.04872131347656,152.19000244140625,152.5399932861328,151.00999450683594,151.10000610351562,26115500
2024-01-29,152.3588104248047,153.50999450683594,153.77999877929688,151.42999267578125,152.05999755859375,27784300
2024-01-30,150.32421875,151.4600067138672,153.6199951171875,151.19000244140625,152.8000030517578,36331800
2024-01-31,139.0493927001953,140.10000610351562,144.0,139.8699951171875,143.6199951171875,71910000
2024-02-01,140.1014404296875,141.16000366210938,143.05999755859375,140.7899932861328,142.1199951171875,40466500
2024-02-02,141.31228637695312,142.3800048828125,142.6199951171875,136.5,139.25999450683594,62499600
2024-02-05,142.60250854492188,143.67999267578125,145.47000122070312,142.77999877929688,142.82000732421875,38505400
2024-02-06,143.0194091796875,144.10000610351562,145.36000061035156,143.19000244140625,144.64999389648438,29128200
2024-02-07,144.44857788085938,145.5399932861328,145.6199951171875,143.92999267578125,144.75999450683594,25208900
2024-02-08,144.81581115722656,145.91000366210938,146.3300018310547,145.10000610351562,145.8300018310547,22563800
2024-02-09,147.8826446533203,149.0,149.44000244140625,146.17999267578125,146.67999267578125,26829500
2024-02-12,146.42364501953125,147.52999877929688,149.33999633789062,147.3699951171875,148.4199981689453,21564100
2024-02-13,144.0515899658203,145.13999938964844,146.6699981689453,143.69000244140625,144.9199981689453,27837700
2024-02-14,144.84559631347656,145.94000244140625,146.52000427246094,144.08999633789062,146.0800018310547,22704200
2024-02-15,141.69935607910156,142.77000427246094,143.52000427246094,140.4600067138672,143.13999938964844,37590700
2024-02-16,139.4662322998047,140.52000427246094,143.19000244140625,140.13999938964844,142.99000549316406,31468900
2024-02-20,140.06173706054688,141.1199951171875,142.0800018310547,139.49000549316406,139.66000366210938,25144700
2024-02-21,141.48101806640625,142.5500030517578,142.69000244140625,140.67999267578125,141.4499969482422,23223300
2024-02-22,143.0094451904297,144.08999633789062,145.0,142.8000030517578,144.92999267578125,27191900
2024-02-23,142.88043212890625,143.9600067138672,144.67999267578125,143.42999267578125,143.6699981689453,19493800
2024-02-26,136.53836059570312,137.57000732421875,142.44000244140625,137.38999938964844,142.13999938964844,53641800
2024-02-27,137.83853149414062,138.8800048828125,139.25,137.08999633789062,138.02000427246094,33099200
2024-02-28,135.35728454589844,136.3800048828125,138.00999450683594,135.41000366210938,137.89999389648438,37328600
2024-02-29,137.42169189453125,138.4600067138672,138.86000061035156,136.39999389648438,137.27999877929688,42133000
2024-03-01,136.111572265625,137.13999938964844,138.8699951171875,136.9199981689453,138.42999267578125,31151100
2024-03-04,132.35000610351562,133.35000610351562,135.66000366210938,131.91000366210938,135.66000366210938,55999400
2024-03-05,131.67510986328125,132.6699981689453,133.24000549316406,130.6699981689453,131.8800048828125,40194800
2024-03-06,130.4146270751953,131.39999389648438,133.5800018310547,130.85000610351562,133.1199951171875,35318600
2024-03-07,133.3722686767578,134.3800048828125,134.94000244140625,131.61000061035156,132.7899932861328,37738200
2024-03-08,134.39454650878906,135.41000366210938,138.08999633789062,134.0,134.2100067138672,39370400
2024-03-11,136.6376190185547,137.6699981689453,139.10000610351562,136.1300048828125,136.1300048828125,32437800
2024-03-12,137.4613800048828,138.5,139.3800048828125,137.02999877929688,137.02999877929688,27563400
2024-03-13,138.74169921875,139.7899932861328,141.08999633789062,138.99000549316406,139.0,23347200
2024-03-14,142.02688598632812,143.10000610351562,143.58999633789062,140.4600067138672,141.19000244140625,42753400
2024-03-15,140.1212921142578,141.17999267578125,143.17999267578125,140.02999877929688,142.5,49475400
2024-03-18,146.5725555419922,147.67999267578125,152.14999389648438,147.1699981689453,148.61000061035156,69273700
2024-03-19,145.92739868164062,147.02999877929688,148.7899932861328,146.0800018310547,148.16000366210938,24070400
2024-03-20,147.62460327148438,148.74000549316406,148.86000061035156,146.74000549316406,148.0,21311500
2024-03-21,146.49314880371094,147.60000610351562,150.3699951171875,146.89999389648438,149.47000122070312,24755600
2024-03-22,149.63937377929688,150.77000427246094,151.5800018310547,148.97999572753906,149.1199951171875,29211800
2024-03-25,148.94464111328125,150.07000732421875,150.3800048828125,147.82000732421875,149.94000244140625,19229300
2024-03-26,149.5401153564453,150.6699981689453,152.25999450683594,149.97999572753906,150.22000122070312,22149100
2024-03-27,149.73861694335938,150.8699951171875,151.63999938964844,148.89999389648438,151.17999267578125,22879200
2024-03-28,149.79815673828125,150.92999267578125,151.42999267578125,150.1699981689453,150.85000610351562,24485400
2024-04-01,154.323974609375,155.49000549316406,155.74000549316406,150.61000061035156,150.69000244140625,31730800
2024-04-02,153.40093994140625,154.55999755859375,154.6999969482422,152.14999389648438,153.5,24586000
2024-04-03,153.75823974609375,154.9199981689453,155.0800018310547,152.72999572753906,153.60000610351562,24705000
2024-04-04,149.40115356445312,150.52999877929688,154.77000427246094,150.4499969482422,153.5,34724700
2024-04-05,151.3563995361328,152.5,153.4199981689453,149.60000610351562,150.02999877929688,23459200
2024-04-08,153.68878173828125,154.85000610351562,155.27000427246094,152.61000061035156,152.77999877929688,20702000
2024-04-09,155.4256591796875,156.60000610351562,158.55999755859375,155.19000244140625,156.08999633789062,31079500
2024-04-10,154.96910095214844,156.13999938964844,156.61000061035156,154.67999267578125,156.2100067138672,22838600
2024-04-11,158.21458435058594,159.41000366210938,159.67999267578125,156.4600067138672,156.91000366210938,27166400
2024-04-12,156.5471649169922,157.72999572753906,160.22000122070312,157.13999938964844,157.9600067138672,25353700
2024-04-15,153.69869995117188,154.86000061035156,159.24000549316406,154.58999633789062,158.86000061035156,27136500
2024-04-16,153.2421417236328,154.39999389648438,155.64999389648438,153.42999267578125,154.19000244140625,20779500
2024-04-17,154.3041229248047,155.47000122070312,157.0800018310547,154.5800018310547,155.6199951171875,21763100
2024-04-18,154.84005737304688,156.00999450683594,156.94000244140625,154.6199951171875,155.33999633789062,19883000
2024-04-19,152.9344940185547,154.08999633789062,156.36000061035156,152.3000030517578,156.1999969482422,32615600
2024-04-22,155.1080322265625,156.27999877929688,157.63999938964844,154.05999755859375,154.30999755859375,26446200
2024-04-23,157.0731964111328,158.25999450683594,158.97000122070312,156.27999877929688,156.9600067138672,21151600
2024-04-24,157.93670654296875,159.1300048828125,159.57000732421875,157.1699981689453,157.49000549316406,22779100
2024-04-25,154.83013916015625,156.0,156.49000549316406,150.8699951171875,151.3300018310547,57109700
2024-04-26,170.6605224609375,171.9499969482422,174.7100067138672,169.64999389648438,174.3699951171875,64665300
2024-04-29,164.9040069580078,166.14999389648438,169.5500030517578,165.2100067138672,169.05999755859375,45610000
2024-04-30,161.55929565429688,162.77999877929688,168.10000610351562,162.60000610351562,165.61000061035156,33562900
2024-05-01,162.63119506835938,163.86000061035156,167.1199951171875,163.08999633789062,164.3000030517578,33493200
2024-05-02,165.37049865722656,166.6199951171875,166.72999572753906,163.88999938964844,164.7899932861328,24294500
2024-05-03,165.9858856201172,167.24000549316406,167.9600067138672,163.0500030517578,167.55999755859375,34662400
2024-05-06,166.83941650390625,168.10000610351562,168.13999938964844,166.02999877929688,167.4600067138672,21871300
2024-05-07,169.9657745361328,171.25,171.75999450683594,168.38999938964844,168.5,28039700
2024-05-08,168.1098175048828,169.3800048828125,170.14999389648438,168.74000549316406,169.0,19569100
2024-05-09,168.6854705810547,169.9600067138672,170.69000244140625,168.17999267578125,169.38999938964844,15346700
2024-05-10,167.38528442382812,168.64999389648438,169.85000610351562,166.19000244140625,168.02999877929688,29799900
2024-05-13,167.87159729003906,169.13999938964844,169.27999877929688,164.0,164.25999450683594,31327600
2024-05-14,169.06260681152344,170.33999633789062,171.25,168.8000030517578,169.77000427246094,25127100
2024-05-15,171.21630859375,172.50999450683594,172.64999389648438,170.50999450683594,170.6300048828125,26948400
2024-05-16,172.87380981445312,174.17999267578125,175.1199951171875,172.69000244140625,173.2899932861328,27867900
2024-05-17,174.73971557617188,176.05999755859375,176.27000427246094,173.69000244140625,174.17999267578125,24479300
2024-05-20,175.59324645996094,176.9199981689453,178.77000427246094,176.0800018310547,176.19000244140625,22554400
2024-05-21,176.5163116455078,177.85000610351562,178.14999389648438,175.80999755859375,176.89999389648438,16989400
2024-05-22,175.0572967529297,176.3800048828125,177.14999389648438,175.2100067138672,176.63999938964844,17880000
2024-05-23,172.24855041503906,173.5500030517578,178.25,172.9499969482422,177.07000732421875,21024900
2024-05-24,173.67776489257812,174.99000549316406,175.77000427246094,173.64999389648438,174.97999572753906,16579400
2024-05-28,175.07716369628906,176.39999389648438,177.27000427246094,174.3699951171875,174.4499969482422,20572200
2024-05-29,174.58090209960938,175.89999389648438,176.83999633789062,174.72000122070312,175.42999267578125,23388700
2024-05-30,170.81932067871094,172.11000061035156,175.22000122070312,171.7899932861328,175.1999969482422,22931500
2024-05-31,171.2064208984375,172.5,173.05999755859375,169.44000244140625,171.86000061035156,37638900
2024-06-03,171.87139892578125,173.1699981689453,174.52999877929688,171.16000366210938,172.5399932861328,27459100
2024-06-04,172.4867401123047,173.7899932861328,173.85000610351562,171.88999938964844,173.27999877929688,26879600
2024-06-05,174.09457397460938,175.41000366210938,176.64999389648438,173.92999267578125,175.1999969482422,22068500
2024-06-06,175.40469360351562,176.72999572753906,177.14999389648438,175.75,175.89999389648438,23251000
2024-06-07,173.15171813964844,174.4600067138672,177.8699951171875,174.3000030517578,177.0500030517578,19661400
2024-06-10,173.8969268798828,175.00999450683594,177.05999755859375,172.75999450683594,174.97000122070312,23726700
2024-06-11,175.49668884277344,176.6199951171875,176.83999633789062,173.77000427246094,176.22000122070312,21540600
2024-06-12,176.65924072265625,177.7899932861328,180.41000366210938,176.11000061035156,178.25,27864700
2024-06-13,174.04598999023438,175.16000366210938,176.74000549316406,174.8800048828125,176.11000061035156,20913300
2024-06-14,175.6656036376953,176.7899932861328,177.05999755859375,174.14999389648438,174.22000122070312,18063600
2024-06-17,176.11277770996094,177.24000549316406,178.36000061035156,174.80999755859375,175.4600067138672,19618500
2024-06-18,173.97640991210938,175.08999633789062,177.38999938964844,174.10000610351562,177.13999938964844,21869900
2024-06-20,175.17874145507812,176.3000030517578,177.2899932861328,174.99000549316406,175.3699951171875,20160100
2024-06-21,178.48756408691406,179.6300048828125,180.85000610351562,176.61000061035156,177.0,57759000
2024-06-24,178.0801544189453,179.22000122070312,180.88999938964844,178.6699981689453,180.16000366210938,18298000
2024-06-25,182.8595733642578,184.02999877929688,184.2899932861328,179.4199981689453,179.6199951171875,23130200
2024-06-26,182.71054077148438,183.8800048828125,184.50999450683594,182.47999572753906,182.6300048828125,19839000
2024-06-27,184.2307891845703,185.41000366210938,186.0500030517578,184.02000427246094,184.17999267578125,18848900
2024-06-28,180.99151611328125,182.14999389648438,185.1300048828125,181.9600067138672,184.32000732421875,29156600
2024-07-01,181.82618713378906,182.99000549316406,183.8800048828125,181.3000030517578,183.02999877929688,16006100
2024-07-02,184.0618896484375,185.24000549316406,185.57000732421875,181.55999755859375,182.0500030517578,17372500
2024-07-03,184.63818359375,185.82000732421875,186.08999633789062,184.0,184.85000610351562,10242100
2024-07-05,189.38780212402344,190.60000610351562,190.86000061035156,185.8000030517578,185.86000061035156,20967500
2024-07-08,187.82777404785156,189.02999877929688,190.1699981689453,187.77999877929688,189.89999389648438,21035900
2024-07-09,187.778076171875,188.97999572753906,191.36000061035156,188.72000122070312,190.30999755859375,15121400
2024-07-10,189.96408081054688,191.17999267578125,191.75,189.02999877929688,189.14999389648438,15952500
2024-07-11,184.3897705078125,185.57000732421875,190.86000061035156,185.0800018310547,189.85000610351562,25625800
2024-07-12,183.8929901123047,185.07000732421875,187.11000061035156,184.49000549316406,185.0800018310547,22898400
2024-07-15,185.34365844726562,186.52999877929688,188.24000549316406,184.9199981689453,184.9199981689453,16474000
2024-07-16,182.75027465820312,183.9199981689453,188.67999267578125,183.3699951171875,187.36000061035156,18290700
2024-07-17,179.86874389648438,181.02000427246094,183.5500030517578,179.89999389648438,182.97000122070312,20734100
2024-07-18,176.55990600585938,177.69000244140625,182.5,176.47000122070312,181.92999267578125,25315700
2024-07-19,176.53009033203125,177.66000366210938,180.2899932861328,177.1300048828125,178.8800048828125,18881900
2024-07-22,180.5145721435547,181.6699981689453,182.6999969482422,180.22999572753906,180.58999633789062,24100300
2024-07-23,180.63381958007812,181.7899932861328,183.61000061035156,181.5399932861328,182.0500030517578,36352700
2024-07-24,171.5321044921875,172.6300048828125,176.19000244140625,171.82000732421875,173.60000610351562,49585200
2024-07-25,166.21609497070312,167.27999877929688,173.4199981689453,167.19000244140625,172.52000427246094,44852000
2024-07-26,165.93789672851562,167.0,168.08999633789062,164.05999755859375,167.14999389648438,41336900
2024-07-29,168.4517822265625,169.52999877929688,170.42999267578125,167.99000549316406,168.8300018310547,20293800
2024-07-30,169.20697021484375,170.2899932861328,171.22999572753906,168.44000244140625,170.24000549316406,18959700
2024-07-31,170.44898986816406,171.5399932861328,174.25,170.00999450683594,173.24000549316406,25729100
2024-08-01,169.67398071289062,170.75999450683594,174.0500030517578,168.8800048828125,170.25,24531400
2024-08-02,165.60003662109375,166.66000366210938,168.50999450683594,164.6699981689453,166.44000244140625,29130100
2024-08-05,158.2371826171875,159.25,164.42999267578125,154.92999267578125,155.5,53630700
2024-08-06,157.28329467773438,158.2899932861328,160.57000732421875,156.41000366210938,159.3300018310547,49004600
2024-08-07,157.92913818359375,158.94000244140625,162.97999572753906,158.47000122070312,161.25,25138600
2024-08-08,160.99948120117188,162.02999877929688,163.69000244140625,160.2100067138672,160.50999450683594,25578800
2024-08-09,162.62905883789062,163.6699981689453,163.7899932861328,159.05999755859375,160.00999450683594,28602300
2024-08-12,161.25784301757812,162.2899932861328,164.89999389648438,161.83999633789062,164.35000610351562,15895300
2024-08-13,163.11593627929688,164.16000366210938,164.72999572753906,162.97000122070312,163.41000366210938,18551700
2024-08-14,159.3500518798828,160.3699951171875,163.22000122070312,157.7100067138672,162.39999389648438,40591100
2024-08-15,160.2741241455078,161.3000030517578,161.63999938964844,159.61000061035156,160.5,31524300
2024-08-16,161.92356872558594,162.9600067138672,165.05999755859375,161.1300048828125,161.47000122070312,24208600
2024-08-19,165.61000061035156,166.6699981689453,166.69000244140625,164.25999450683594,165.27999877929688,22416200
2024-08-20,166.11671447753906,167.17999267578125,168.63999938964844,166.82000732421875,166.89999389648438,18341500
2024-08-21,164.79522705078125,165.85000610351562,166.85000610351562,164.6699981689453,165.14999389648438,22902000
2024-08-22,162.75823974609375,163.8000030517578,167.58999633789062,163.30999755859375,167.25999450683594,22493300
2024-08-23,164.56666564941406,165.6199951171875,166.17999267578125,163.8300018310547,164.72000122070312,13955700
2024-08-26,165.1032257080078,166.16000366210938,167.5500030517578,164.4600067138672,166.3800048828125,14190400
2024-08-27,163.6326141357422,164.67999267578125,166.44000244140625,164.4600067138672,165.83999633789062,11821900
2024-08-28,161.81427001953125,162.85000610351562,165.60000610351562,161.52999877929688,165.0399932861328,16407400
2024-08-29,160.75108337402344,161.77999877929688,165.97000122070312,160.25,164.30999755859375,19699800
2024-08-30,162.34091186523438,163.3800048828125,163.66000366210938,161.69000244140625,162.6199951171875,22123800
2024-09-03,156.3591766357422,157.36000061035156,161.85000610351562,156.47999572753906,161.72000122070312,38945300
2024-09-04,155.45497131347656,156.4499969482422,159.0,155.9600067138672,156.66000366210938,19353800
2024-09-05,156.23997497558594,157.24000549316406,159.4499969482422,155.97999572753906,156.3000030517578,18688700
2024-09-06,149.96014404296875,150.9199981689453,157.8300018310547,150.5500030517578,157.3000030517578,37912100
2024-09-09,147.9602813720703,148.7100067138672,153.39999389648438,147.22000122070312,152.50999450683594,39260500
2024-09-10,147.91053771972656,148.66000366210938,151.27000427246094,148.33999633789062,150.4499969482422,31118800
2024-09-11,150.39793395996094,151.16000366210938,151.5,147.52000427246094,149.9199981689453,29607700
2024-09-12,153.91015625,154.69000244140625,154.82000732421875,152.64999389648438,153.8000030517578,29621500
2024-09-13,156.6661834716797,157.4600067138672,158.3800048828125,155.2100067138672,155.42999267578125,29591200
2024-09-16,157.26315307617188,158.05999755859375,158.25,156.60000610351562,157.30999755859375,18379800
2024-09-17,158.51681518554688,159.32000732421875,160.5500030517578,158.3800048828125,159.02000427246094,20715600
2024-09-18,159.0043182373047,159.80999755859375,160.5,158.60000610351562,159.86000061035156,23677300
2024-09-19,161.32257080078125,162.13999938964844,163.7899932861328,161.33999633789062,163.7100067138672,26587700
2024-09-20,162.76527404785156,163.58999633789062,163.72999572753906,162.05999755859375,163.5,40896400
2024-09-23,161.0340576171875,161.85000610351562,165.49000549316406,161.6699981689453,164.35000610351562,24150900
2024-09-24,161.47181701660156,162.2899932861328,163.22000122070312,160.69000244140625,163.02999877929688,23332100
2024-09-25,160.6758575439453,161.49000549316406,162.80999755859375,161.3000030517578,161.47000122070312,18869200
2024-09-26,161.90960693359375,162.72999572753906,164.0800018310547,162.27999877929688,163.63999938964844,20319300
2024-09-27,163.1234588623047,163.9499969482422,165.6999969482422,162.6300048828125,162.80999755859375,21101300
2024-09-30,165.01388549804688,165.85000610351562,166.14999389648438,163.25999450683594,163.32000732421875,20413900
2024-10-01,166.1481170654297,166.99000549316406,169.16000366210938,164.5800018310547,167.69000244140625,28338100
2024-10-02,165.02381896972656,165.86000061035156,167.52000427246094,164.72999572753906,166.4199981689453,17760200
2024-10-03,165.02381896972656,165.86000061035156,166.63999938964844,163.9199981689453,164.41000366210938,15073100
2024-10-04,166.2177734375,167.05999755859375,168.22999572753906,165.47999572753906,168.05999755859375,19047400
2024-10-07,162.1583251953125,162.97999572753906,168.47999572753906,162.75,167.72000122070312,22463100
2024-10-08,163.55130004882812,164.3800048828125,164.72999572753906,162.8699951171875,163.94000244140625,23072700
2024-10-09,161.04397583007812,161.86000061035156,164.83999633789062,159.74000549316406,163.4499969482422,31181800
2024-10-10,161.26287841796875,162.0800018310547,163.07000732421875,160.39999389648438,160.8699951171875,14144100
2024-10-11,162.4170379638672,163.24000549316406,163.89999389648438,161.24000549316406,162.1300048828125,15344300
2024-10-14,164.1283721923828,164.9600067138672,166.22999572753906,163.39999389648438,163.63999938964844,19016100
2024-10-15,164.62583923339844,165.4600067138672,167.67999267578125,164.6300048828125,165.7899932861328,20247200
2024-10-16,164.3273468017578,165.16000366210938,165.8000030517578,163.74000549316406,164.52999877929688,16406000
2024-10-17,162.1085968017578,162.92999267578125,166.3699951171875,162.75999450683594,165.72999572753906,21453400
2024-10-18,162.5961151123047,163.4199981689453,164.7100067138672,163.0800018310547,163.19000244140625,19757700
2024-10-21,163.2428741455078,164.07000732421875,164.5,162.6199951171875,162.9499969482422,20946500
2024-10-22,164.3074493408203,165.13999938964844,165.77000427246094,162.97999572753906,162.97999572753906,16568100
2024-10-23,161.9593505859375,162.77999877929688,165.82000732421875,161.92999267578125,164.75999450683594,18280500
2024-10-24,161.89964294433594,162.72000122070312,163.3300018310547,161.00999450683594,162.8300018310547,22412500
2024-10-25,164.43682861328125,165.27000427246094,165.58999633789062,163.4199981689453,163.6699981689453,19828900
2024-10-28,165.87950134277344,166.72000122070312,168.75,163.9499969482422,168.75,32138600
2024-10-29,168.8245391845703,169.67999267578125,170.3800048828125,167.08999633789062,167.72999572753906,42169000
2024-10-30,173.58047485351562,174.4600067138672,182.02000427246094,174.05999755859375,180.67999267578125,68890800
2024-10-31,170.2473602294922,171.11000061035156,176.82000732421875,171.0,173.1300048828125,44769000
2024-11-01,170.4264373779297,171.2899932861328,172.32000732421875,168.8800048828125,170.07000732421875,31796500
2024-11-04,168.38677978515625,169.24000549316406,170.72999572753906,168.00999450683594,169.92999267578125,21492700
2024-11-05,168.88426208496094,169.74000549316406,170.52999877929688,168.83999633789062,169.42999267578125,18242100
2024-11-06,175.62013244628906,176.50999450683594,176.94000244140625,173.5,173.8000030517578,33695500
2024-11-07,179.83876037597656,180.75,181.0800018310547,177.19000244140625,177.41000366210938,25352900
2024-11-08,177.4508514404297,178.35000610351562,180.89999389648438,178.0800018310547,180.64999389648438,22006200
2024-11-11,179.44078063964844,180.35000610351562,180.5500030517578,178.47000122070312,178.5800018310547,17450400
2024-11-12,180.70437622070312,181.6199951171875,182.49000549316406,179.38999938964844,179.82000732421875,25134900
2024-11-13,177.9781951904297,178.8800048828125,180.9600067138672,178.5399932861328,180.4600067138672,23184000
2024-11-14,174.69482421875,175.5800018310547,178.82000732421875,174.32000732421875,178.27999877929688,31007500
2024-11-15,171.6204071044922,172.49000549316406,174.13999938964844,171.22000122070312,173.72999572753906,32504600
2024-11-18,174.41624450683594,175.3000030517578,175.44000244140625,172.89999389648438,173.4199981689453,20135300
2024-11-19,177.2220001220703,178.1199951171875,178.8699951171875,173.55999755859375,173.72000122070312,23434900
2024-11-20,175.09280395507812,175.97999572753906,177.67999267578125,173.77999877929688,177.33999633789062,18997100
2024-11-21,166.784912109375,167.6300048828125,174.1300048828125,163.6999969482422,173.89999389648438,59734400
2024-11-22,163.92935180664062,164.75999450683594,166.4600067138672,163.89999389648438,165.85000610351562,38604600
2024-11-25,166.8048095703125,167.64999389648438,168.6300048828125,165.61000061035156,166.08999633789062,33135300
2024-11-26,168.2673797607422,169.1199951171875,169.82000732421875,167.5800018310547,167.6300048828125,20486700
2024-11-27,168.3768310546875,169.22999572753906,169.47999572753906,168.02000427246094,169.0,19266500
2024-11-29,168.09823608398438,168.9499969482422,169.42999267578125,167.16000366210938,168.5,14257200
2024-12-02,170.62545776367188,171.49000549316406,172.0800018310547,168.57000732421875,168.77000427246094,23789100
2024-12-03,170.4761962890625,171.33999633789062,172.67999267578125,170.85000610351562,171.49000549316406,22248700
2024-12-04,173.49093627929688,174.3699951171875,174.91000366210938,171.05999755859375,171.14999389648438,31615100
2024-12-05,171.76966857910156,172.63999938964844,176.05999755859375,172.3300018310547,175.36000061035156,21356200
2024-12-06,173.8292236328125,174.7100067138672,175.0800018310547,171.86000061035156,172.02999877929688,21462400
2024-12-09,174.6858367919922,175.3699951171875,176.25999450683594,173.64999389648438,173.9600067138672,25389600
2024-12-10,184.4476318359375,185.1699981689453,186.36000061035156,181.0500030517578,182.85000610351562,54813000
2024-12-11,194.6376953125,195.39999389648438,195.61000061035156,184.85000610351562,185.30999755859375,67894100
2024-12-12,191.2111358642578,191.9600067138672,195.17999267578125,191.7100067138672,195.0,34817500
2024-12-13,189.07948303222656,189.82000732421875,192.72999572753906,189.63999938964844,191.00999450683594,25143500
2024-12-16,195.89279174804688,196.66000366210938,199.0,192.6199951171875,192.8699951171875,44934900
2024-12-17,194.65762329101562,195.4199981689453,201.4199981689453,194.97999572753906,197.25,43504000
2024-12-18,187.66502380371094,188.39999389648438,197.0,187.74000549316406,195.22000122070312,34166100
2024-12-19,187.77459716796875,188.50999450683594,193.02999877929688,188.3800048828125,191.6300048828125,32265200
2024-12-20,190.66326904296875,191.41000366210938,192.88999938964844,185.22000122070312,185.77999877929688,63462900
2024-12-23,193.87071228027344,194.6300048828125,195.10000610351562,190.14999389648438,192.6199951171875,25675000
2024-12-24,195.34495544433594,196.11000061035156,196.11000061035156,193.77999877929688,194.83999633789062,10403300
2024-12-26,194.83694458007812,195.60000610351562,196.75,194.3800048828125,195.14999389648438,12046600
2024-12-27,192.00799560546875,192.75999450683594,195.32000732421875,190.64999389648438,194.9499969482422,18891400
2024-12-30,190.4939422607422,191.24000549316406,192.5500030517578,189.1199951171875,189.8000030517578,14264700
