Date,Adj Close_MSFT,Close_MSFT,High_MSFT,Low_MSFT,Open_MSFT,Volume_MSFT
2022-01-03,323.8983459472656,334.75,338.0,329.7799987792969,335.3500061035156,28865100
2022-01-04,318.3444519042969,329.010009765625,335.20001220703125,326.1199951171875,334.8299865722656,32674300
2022-01-05,306.1239013671875,316.3800048828125,326.07000732421875,315.9800109863281,325.8599853515625,40054300
2022-01-06,303.7049255371094,313.8800048828125,318.70001220703125,311.489990234375,313.1499938964844,39646100
2022-01-07,303.8597412109375,314.0400085449219,316.5,310.0899963378906,314.1499938964844,32720000
2022-01-10,304.08221435546875,314.2699890136719,314.7200012207031,304.69000244140625,309.489990234375,44289500
2022-01-11,304.76922607421875,314.9800109863281,316.6099853515625,309.8900146484375,313.3800048828125,29386800
2022-01-12,307.9526062011719,318.2699890136719,323.4100036621094,317.0799865722656,319.6700134277344,34372200
2022-01-13,294.9193115234375,304.79998779296875,320.8800048828125,304.0,320.4700012207031,45366000
2022-01-14,300.1443176269531,310.20001220703125,310.82000732421875,303.75,304.25,39846400
2022-01-18,292.8389587402344,302.6499938964844,309.79998779296875,301.739990234375,304.07000732421875,42333200
2022-01-19,293.4969482421875,303.3299865722656,313.9100036621094,302.70001220703125,306.2900085449219,45933900
2022-01-20,291.8230285644531,301.6000061035156,311.6499938964844,301.1400146484375,309.07000732421875,35380700
2022-01-21,286.4334716796875,296.0299987792969,304.1099853515625,295.6099853515625,302.69000244140625,57984400
2022-01-24,286.76251220703125,296.3699951171875,297.1099853515625,276.04998779296875,292.20001220703125,85731500
2022-01-25,279.13800048828125,288.489990234375,294.989990234375,285.1700134277344,291.5199890136719,72848600
2022-01-26,287.0915222167969,296.7099914550781,308.5,293.0299987792969,307.989990234375,90428900
2022-01-27,290.12005615234375,299.8399963378906,307.29998779296875,297.92999267578125,302.6600036621094,53481300
2022-01-28,298.2671203613281,308.260009765625,308.4800109863281,294.45001220703125,300.2300109863281,49743700
2022-01-31,300.8989562988281,310.9800109863281,312.3800048828125,306.3699951171875,308.95001220703125,46444500
2022-02-01,298.7509765625,308.760009765625,310.6300048828125,305.1300048828125,310.4100036621094,40950400
2022-02-02,303.2985534667969,313.4599914550781,315.1199951171875,308.8800048828125,309.6300048828125,36636000
2022-02-03,291.4842834472656,301.25,311.2300109863281,299.9599914550781,309.489990234375,43730000
2022-02-04,296.0223693847656,305.94000244140625,308.79998779296875,299.9700012207031,300.2099914550781,35096500
2022-02-07,291.194091796875,300.95001220703125,307.8399963378906,299.8999938964844,306.1700134277344,28533300
2022-02-08,294.68707275390625,304.55999755859375,305.55999755859375,299.95001220703125,301.25,32421200
2022-02-09,301.1214599609375,311.2099914550781,311.92999267578125,307.3900146484375,309.8699951171875,31284700
2022-02-10,292.5777587890625,302.3800048828125,309.1199951171875,300.70001220703125,304.0400085449219,45386200
2022-02-11,285.4756774902344,295.0400085449219,304.2900085449219,294.2200012207031,303.19000244140625,39175600
2022-02-14,285.43695068359375,295.0,296.760009765625,291.3500061035156,293.7699890136719,36359500
2022-02-15,290.7296447753906,300.4700012207031,300.79998779296875,297.0199890136719,300.010009765625,27058300
2022-02-16,290.39031982421875,299.5,300.8699951171875,293.67999267578125,298.3699951171875,29982100
2022-02-17,281.8869934082031,290.7300109863281,296.79998779296875,290.0,296.3599853515625,32461600
2022-02-18,279.1721496582031,287.92999267578125,293.8599853515625,286.30999755859375,293.04998779296875,34264000
2022-02-22,278.96868896484375,287.7200012207031,291.5400085449219,284.5,285.0,41736100
2022-02-23,271.7452697753906,280.2699890136719,291.70001220703125,280.1000061035156,290.17999267578125,37811200
2022-02-24,285.62957763671875,294.5899963378906,295.1600036621094,271.5199890136719,272.510009765625,56989700
2022-02-25,288.2669372558594,297.30999755859375,297.6300048828125,291.6499938964844,295.1400146484375,32546700
2022-02-28,289.7019348144531,298.7900085449219,299.1400146484375,293.0,294.30999755859375,34627500
2022-03-01,285.97869873046875,294.95001220703125,299.9700012207031,292.1499938964844,296.3999938964844,31217800
2022-03-02,291.0593566894531,300.19000244140625,301.4700012207031,293.70001220703125,295.3599853515625,31873000
2022-03-03,286.919189453125,295.9200134277344,303.1300048828125,294.04998779296875,302.8900146484375,27314500
2022-03-04,281.0434875488281,289.8599853515625,295.6600036621094,287.1700134277344,294.2900085449219,32356500
2022-03-07,270.4265441894531,278.9100036621094,289.69000244140625,278.5299987792969,288.5299987792969,43157200
2022-03-08,267.45965576171875,275.8500061035156,283.9599914550781,270.0,277.79998779296875,48159500
2022-03-09,279.7248840332031,288.5,289.6000061035156,280.7799987792969,283.44000244140625,35204500
2022-03-10,276.9034118652344,285.5899963378906,286.6000061035156,280.5799865722656,283.0199890136719,30628000
2022-03-11,271.5512390136719,280.07000732421875,289.510009765625,279.42999267578125,287.9599914550781,27209300
2022-03-14,268.03167724609375,276.44000244140625,285.3999938964844,275.82000732421875,280.3399963378906,30660700
2022-03-15,278.4158935546875,287.1499938964844,287.82000732421875,278.7300109863281,280.3500061035156,34245100
2022-03-16,285.4357604980469,294.3900146484375,294.57000732421875,283.20001220703125,289.1099853515625,37826300
2022-03-17,286.2405090332031,295.2200012207031,295.6099853515625,289.3699951171875,293.2900085449219,30816600
2022-03-18,291.2919921875,300.42999267578125,301.0,292.7300109863281,295.3699951171875,43390600
2022-03-21,290.06060791015625,299.1600036621094,300.1400146484375,294.8999938964844,298.8900146484375,28351200
2022-03-22,294.81158447265625,304.05999755859375,305.0,298.7699890136719,299.79998779296875,27599700
2022-03-23,290.3805847167969,299.489990234375,303.2300109863281,297.7200012207031,300.510009765625,25715400
2022-03-24,294.8503723144531,304.1000061035156,304.20001220703125,298.32000732421875,299.1400146484375,24484500
2022-03-25,294.4432067871094,303.67999267578125,305.5,299.2900085449219,305.2300109863281,22566500
2022-03-28,301.2496032714844,310.70001220703125,310.79998779296875,304.3299865722656,304.3299865722656,29578200
2022-03-29,305.8163757324219,315.4100036621094,315.82000732421875,309.04998779296875,313.9100036621094,30393400
2022-03-30,304.3134460449219,313.8599853515625,315.95001220703125,311.5799865722656,313.760009765625,28163600
2022-03-31,298.9322814941406,308.30999755859375,315.1400146484375,307.8900146484375,313.8999938964844,33422100
2022-04-01,300.0085144042969,309.4200134277344,310.1300048828125,305.5400085449219,309.3699951171875,27110500
2022-04-04,305.3897399902344,314.9700012207031,315.1099853515625,309.7099914550781,310.0899963378906,24289600
2022-04-05,301.4242248535156,310.8800048828125,314.8699951171875,309.8699951171875,313.2699890136719,23156700
2022-04-06,290.39031982421875,299.5,307.0,296.7099914550781,305.19000244140625,40110400
2022-04-07,292.2033996582031,301.3699951171875,303.6499938964844,296.3500061035156,296.6600036621094,31411200
2022-04-08,287.937255859375,296.9700012207031,301.1199951171875,296.2799987792969,300.44000244140625,24361900
2022-04-11,276.58349609375,285.260009765625,292.6099853515625,285.0,291.7900085449219,34569300
2022-04-12,273.48077392578125,282.05999755859375,290.739990234375,280.489990234375,289.239990234375,30966700
2022-04-13,278.8716735839844,287.6199951171875,288.5799865722656,281.29998779296875,282.7300109863281,21907200
2022-04-14,271.31854248046875,279.8299865722656,288.30999755859375,279.32000732421875,288.0899963378906,28221600
2022-04-18,271.98760986328125,280.5199890136719,282.4599914550781,278.3399963378906,278.9100036621094,20778000
2022-04-19,276.6221923828125,285.29998779296875,286.1700134277344,278.4100036621094,279.3800048828125,22297700
2022-04-20,277.6499328613281,286.3599853515625,289.70001220703125,285.3699951171875,289.3999938964844,22906700
2022-04-21,272.2687072753906,280.80999755859375,293.29998779296875,280.05999755859375,288.5799865722656,29454600
2022-04-22,265.6949768066406,274.0299987792969,283.20001220703125,273.3800048828125,281.67999267578125,29405800
2022-04-25,272.18145751953125,280.7200012207031,281.1099853515625,270.7699890136719,273.2900085449219,35678900
2022-04-26,262.0008850097656,270.2200012207031,278.3599853515625,270.0,277.5,46518400
2022-04-27,274.60546875,283.2200012207031,290.9700012207031,279.1600036621094,282.1000061035156,63477700
2022-04-28,280.8205261230469,289.6300048828125,290.9800109863281,281.4599914550781,285.19000244140625,33646600
2022-04-29,269.078857421875,277.5199890136719,289.8800048828125,276.5,288.6099853515625,37073900
2022-05-02,275.81744384765625,284.4700012207031,284.94000244140625,276.2200012207031,277.7099914550781,35151100
2022-05-03,273.2091979980469,281.7799987792969,284.1300048828125,280.1499938964844,283.9599914550781,25978600
2022-05-04,281.159912109375,289.9800109863281,290.8800048828125,276.7300109863281,282.5899963378906,33599300
2022-05-05,268.9140319824219,277.3500061035156,286.3500061035156,274.3399963378906,285.5400085449219,43260400
2022-05-06,266.3736572265625,274.7300109863281,279.25,271.2699890136719,274.80999755859375,37780300
2022-05-09,256.53240966796875,264.5799865722656,272.3599853515625,263.32000732421875,270.05999755859375,47726000
2022-05-10,261.30279541015625,269.5,273.75,265.07000732421875,271.69000244140625,39336400
2022-05-11,252.62498474121094,260.54998779296875,271.3599853515625,259.29998779296875,265.67999267578125,48975900
2022-05-12,247.58319091796875,255.35000610351562,259.8800048828125,250.02000427246094,257.69000244140625,51033800
2022-05-13,253.17764282226562,261.1199951171875,263.0400085449219,255.35000610351562,257.3500061035156,34925100
2022-05-16,253.54608154296875,261.5,265.82000732421875,255.77999877929688,259.9599914550781,32550900
2022-05-17,258.7043151855469,266.82000732421875,268.3299865722656,262.4599914550781,266.1099853515625,28828800
2022-05-18,246.92559814453125,254.0800018310547,263.6000061035156,252.77000427246094,263.0,31356000
2022-05-19,246.0120391845703,253.13999938964844,257.6700134277344,251.8800048828125,253.89999389648438,32692300
2022-05-20,245.4483642578125,252.55999755859375,258.5400085449219,246.44000244140625,257.239990234375,39199300
2022-05-23,253.3105926513672,260.6499938964844,261.5,253.42999267578125,255.49000549316406,33175400
2022-05-24,252.30958557128906,259.6199951171875,261.3299865722656,253.5,257.8900146484375,29043900
2022-05-25,255.12794494628906,262.5199890136719,264.5799865722656,257.1300048828125,258.1400146484375,28547900
2022-05-26,258.41278076171875,265.8999938964844,267.1099853515625,261.42999267578125,262.2699890136719,25002100
2022-05-27,265.5460510253906,273.239990234375,273.3399963378906,267.55999755859375,268.4800109863281,26910800
2022-05-31,264.2146301269531,271.8699951171875,274.7699890136719,268.92999267578125,272.5299987792969,37827700
2022-06-01,264.7491760253906,272.4200134277344,277.69000244140625,270.0400085449219,275.20001220703125,25292200
2022-06-02,266.8482971191406,274.5799865722656,274.6499938964844,261.6000061035156,264.45001220703125,44008200
2022-06-03,262.416748046875,270.0199890136719,273.45001220703125,268.4100036621094,270.30999755859375,28059000
2022-06-06,261.1824951171875,268.75,274.17999267578125,267.2200012207031,272.05999755859375,22400300
2022-06-07,264.826904296875,272.5,273.1300048828125,265.94000244140625,266.6400146484375,22860700
2022-06-08,262.7957763671875,270.4100036621094,273.0,269.6099853515625,271.7099914550781,17372300
2022-06-09,257.333984375,264.7900085449219,272.7099914550781,264.6300048828125,267.7799987792969,26439700
2022-06-10,245.86630249023438,252.99000549316406,260.5799865722656,252.52999877929688,260.5799865722656,31422800
2022-06-13,235.43841552734375,242.25999450683594,249.02000427246094,241.52999877929688,245.11000061035156,46135800
2022-06-14,237.60562133789062,244.49000549316406,245.74000549316406,241.50999450683594,243.86000061035156,28651500
2022-06-15,244.67092895507812,251.75999450683594,255.3000030517578,246.4199981689453,248.30999755859375,33111700
2022-06-16,238.07211303710938,244.97000122070312,247.4199981689453,243.02000427246094,245.97999572753906,33169200
2022-06-17,240.6766357421875,247.64999389648438,250.5,244.02999877929688,244.6999969482422,43084800
2022-06-21,246.5951385498047,253.74000549316406,254.75,249.50999450683594,250.25999450683594,29928300
2022-06-22,246.00234985351562,253.1300048828125,257.1700134277344,250.3699951171875,251.88999938964844,25939900
2022-06-23,251.5709686279297,258.8599853515625,259.3699951171875,253.6300048828125,255.57000732421875,25861400
2022-06-24,260.1620788574219,267.70001220703125,267.9800109863281,261.7200012207031,261.80999755859375,33923200
2022-06-27,257.4312438964844,264.8900146484375,268.29998779296875,263.2799987792969,268.2099914550781,24615100
2022-06-28,249.25799560546875,256.4800109863281,266.9100036621094,256.32000732421875,263.9800109863281,27295500
2022-06-29,252.93157958984375,260.260009765625,261.9700012207031,255.75999450683594,257.5899963378906,20069800
2022-06-30,249.59811401367188,256.8299865722656,259.5299987792969,252.89999389648438,257.04998779296875,31730900
2022-07-01,252.27072143554688,259.5799865722656,259.7699890136719,254.61000061035156,256.3900146484375,22837700
2022-07-05,255.4486541748047,262.8500061035156,262.9800109863281,254.74000549316406,256.1600036621094,22941000
2022-07-06,258.7140808105469,266.2099914550781,267.989990234375,262.3999938964844,263.75,23824400
2022-07-07,260.8423767089844,268.3999938964844,269.05999755859375,265.0199890136719,265.1199951171875,20859900
2022-07-08,260.1231994628906,267.6600036621094,268.1000061035156,263.2900085449219,264.7900085449219,19658800
2022-07-11,257.0619201660156,264.510009765625,266.5299987792969,262.17999267578125,265.6499938964844,19455200
2022-07-12,246.52713012695312,253.6699981689453,265.94000244140625,252.0399932861328,265.8800048828125,35868500
2022-07-13,245.60386657714844,252.72000122070312,253.5500030517578,248.11000061035156,250.19000244140625,29497400
2022-07-14,246.92559814453125,254.0800018310547,255.13999938964844,245.94000244140625,250.57000732421875,25102800
2022-07-15,249.4912109375,256.7200012207031,260.3699951171875,254.77000427246094,255.72000122070312,29774100
2022-07-18,247.09080505371094,254.25,260.8399963378906,253.3000030517578,259.75,20975000
2022-07-19,252.22213745117188,259.5299987792969,259.7200012207031,253.67999267578125,257.5799865722656,25012600
2022-07-20,254.88491821289062,262.2699890136719,264.8699951171875,258.9100036621094,259.8999938964844,22788300
2022-07-21,257.38262939453125,264.8399963378906,264.8900146484375,257.0299987792969,259.7900085449219,22404700
2022-07-22,253.02874755859375,260.3599853515625,265.3299865722656,259.07000732421875,265.239990234375,21881300
2022-07-25,251.54180908203125,258.8299865722656,261.5,256.80999755859375,261.0,21056000
2022-07-26,244.8069305419922,251.89999389648438,259.8800048828125,249.57000732421875,259.8599853515625,39348000
2022-07-27,261.17279052734375,268.739990234375,270.04998779296875,258.8500061035156,261.1600036621094,45994000
2022-07-28,268.6268005371094,276.4100036621094,277.8399963378906,267.8699951171875,269.75,33459300
2022-07-29,272.83489990234375,280.739990234375,282.0,276.6300048828125,277.70001220703125,32152800
2022-08-01,270.1817626953125,278.010009765625,281.2799987792969,275.8399963378906,277.82000732421875,21539600
2022-08-02,267.0815734863281,274.82000732421875,277.8900146484375,272.3800048828125,276.0,22754200
2022-08-03,274.5162048339844,282.4700012207031,283.5,276.6099853515625,276.760009765625,23518900
2022-08-04,275.6629638671875,283.6499938964844,283.79998779296875,280.1700134277344,281.79998779296875,18098700
2022-08-05,274.94378662109375,282.9100036621094,283.6499938964844,278.67999267578125,279.1499938964844,16774600
2022-08-08,272.4267883300781,280.32000732421875,285.9200134277344,279.32000732421875,284.04998779296875,18739200
2022-08-09,274.35089111328125,282.29998779296875,283.0799865722656,277.6099853515625,279.6400146484375,23405200
2022-08-10,281.017822265625,289.1600036621094,289.80999755859375,286.94000244140625,288.1700134277344,24687800
2022-08-11,278.9380187988281,287.0199890136719,291.2099914550781,286.510009765625,290.8500061035156,20065900
2022-08-12,283.6903991699219,291.9100036621094,291.9100036621094,286.94000244140625,288.4800109863281,22619700
2022-08-15,285.20648193359375,293.4700012207031,294.17999267578125,290.1099853515625,291.0,18085700
2022-08-16,284.4678649902344,292.7099914550781,294.0400085449219,290.4200134277344,291.989990234375,18102900
2022-08-17,283.7178649902344,291.32000732421875,293.3500061035156,289.4700012207031,289.739990234375,18253400
2022-08-18,282.597900390625,290.1700134277344,291.9100036621094,289.0799865722656,290.19000244140625,17186200
2022-08-19,278.6828308105469,286.1499938964844,289.25,285.55999755859375,288.8999938964844,20570000
2022-08-22,270.5020446777344,277.75,282.4599914550781,277.2200012207031,282.0799865722656,25061100
2022-08-23,269.2261962890625,276.44000244140625,278.8599853515625,275.3999938964844,276.44000244140625,17527400
2022-08-24,268.59320068359375,275.7900085449219,277.2300109863281,275.1099853515625,275.4100036621094,18137000
2022-08-25,271.5733337402344,278.8500061035156,279.0199890136719,274.5199890136719,277.3299865722656,16583400
2022-08-26,261.0940856933594,268.0899963378906,280.3399963378906,267.9800109863281,279.0799865722656,27549300
2022-08-29,258.3087463378906,265.2300109863281,267.3999938964844,263.8500061035156,265.8500061035156,20338500
2022-08-30,256.1076965332031,262.9700012207031,267.04998779296875,260.6600036621094,266.6700134277344,22767100
2022-08-31,254.6468048095703,261.4700012207031,267.1099853515625,261.3299865722656,265.3900146484375,24791800
2022-09-01,253.604736328125,260.3999938964844,260.8900146484375,255.41000366210938,258.8699951171875,23263400
2022-09-02,249.3780059814453,256.05999755859375,264.739990234375,254.47000122070312,261.70001220703125,22855400
2022-09-06,246.64138793945312,253.25,257.8299865722656,251.94000244140625,256.20001220703125,21328200
2022-09-07,251.35508728027344,258.0899963378906,258.8299865722656,253.22000122070312,254.6999969482422,24126700
2022-09-08,251.77386474609375,258.5199890136719,260.42999267578125,254.7899932861328,257.510009765625,20319900
2022-09-09,257.5588684082031,264.4599914550781,265.2300109863281,260.2900085449219,260.5,22084700
2022-09-12,259.6917419433594,266.6499938964844,267.45001220703125,265.1600036621094,265.7799987792969,18747700
2022-09-13,245.41424560546875,251.99000549316406,260.3999938964844,251.58999633789062,258.8399963378906,33353300
2022-09-14,245.6382598876953,252.22000122070312,254.22999572753906,249.86000061035156,253.52999877929688,23913000
2022-09-15,238.9767303466797,245.3800048828125,251.39999389648438,244.02000427246094,249.77000427246094,31530900
2022-09-16,238.35342407226562,244.74000549316406,245.3000030517578,242.05999755859375,244.25999450683594,39791800
2022-09-19,238.1392059326172,244.52000427246094,245.13999938964844,240.85000610351562,242.47000122070312,26826900
2022-09-20,236.12318420410156,242.4499969482422,243.50999450683594,239.63999938964844,242.07000732421875,26660300
2022-09-21,232.71453857421875,238.9499969482422,247.66000366210938,238.89999389648438,244.27000427246094,28625600
2022-09-22,234.69154357910156,240.97999572753906,243.86000061035156,237.57000732421875,237.8699951171875,31061200
2022-09-23,231.71141052246094,237.9199981689453,241.1300048828125,235.1999969482422,239.5399932861328,34176000
2022-09-26,231.25369262695312,237.4499969482422,241.4499969482422,236.89999389648438,237.0500030517578,27694200
2022-09-27,230.24082946777344,236.41000366210938,241.8000030517578,234.5,239.97999572753906,27018700
2022-09-28,234.7792205810547,241.07000732421875,242.3300018310547,234.72999572753906,236.80999755859375,29029700
2022-09-29,231.3023681640625,237.5,239.9499969482422,234.41000366210938,238.88999938964844,27484200
2022-09-30,226.82240295410156,232.89999389648438,240.5399932861328,232.72999572753906,238.2899932861328,35694800
2022-10-03,234.4578399658203,240.74000549316406,241.61000061035156,234.66000366210938,235.41000366210938,28880400
2022-10-04,242.3854217529297,248.8800048828125,250.36000061035156,244.97999572753906,245.08999633789062,34888400
2022-10-05,242.697021484375,249.1999969482422,250.5800018310547,244.10000610351562,245.99000549316406,20347100
2022-10-06,240.34994506835938,246.7899932861328,250.33999633789062,246.0800018310547,247.92999267578125,20239900
2022-10-07,228.12745666503906,234.24000549316406,241.32000732421875,233.1699981689453,240.89999389648438,37769600
2022-10-10,223.26763916015625,229.25,234.55999755859375,226.72999572753906,233.0500030517578,29743600
2022-10-11,219.52784729003906,225.41000366210938,229.05999755859375,224.11000061035156,227.6199951171875,30474000
2022-10-12,219.85897827148438,225.75,227.86000061035156,223.9600067138672,225.39999389648438,21903900
2022-10-13,228.12745666503906,234.24000549316406,236.10000610351562,219.1300048828125,219.85000610351562,42551800
2022-10-14,222.59567260742188,228.55999755859375,237.24000549316406,228.33999633789062,235.5399932861328,30198600
2022-10-17,231.33157348632812,237.52999877929688,238.9600067138672,235.13999938964844,235.82000732421875,28142300
2022-10-18,232.27627563476562,238.5,243.92999267578125,235.3699951171875,243.24000549316406,26329600
2022-10-19,230.30899047851562,236.47999572753906,239.61000061035156,234.2899932861328,237.0399932861328,19985700
2022-10-20,229.98757934570312,236.14999389648438,241.30999755859375,234.8699951171875,235.77000427246094,21811000
2022-10-21,235.80181884765625,242.1199951171875,243.0,234.5,234.74000549316406,26299700
2022-10-24,240.7979736328125,247.25,247.83999633789062,241.3000030517578,243.75999450683594,24911200
2022-10-25,244.11895751953125,250.66000366210938,251.0399932861328,245.8300018310547,247.25999450683594,34775500
2022-10-26,225.2836456298828,231.32000732421875,238.3000030517578,230.05999755859375,231.1699981689453,82543200
2022-10-27,220.83285522460938,226.75,233.69000244140625,225.77999877929688,231.0399932861328,40424600
2022-10-28,229.7148895263672,235.8699951171875,236.60000610351562,226.0500030517578,226.24000549316406,40647700
2022-10-31,226.07247924804688,232.1300048828125,234.9199981689453,231.14999389648438,233.75999450683594,28357300
2022-11-01,222.21583557128906,228.1699981689453,235.74000549316406,227.3300018310547,234.60000610351562,30592300
2022-11-02,214.35643005371094,220.10000610351562,231.3000030517578,220.0399932861328,229.4600067138672,38407000
2022-11-03,208.65908813476562,214.25,220.41000366210938,213.97999572753906,220.08999633789062,36633900
2022-11-04,215.61273193359375,221.38999938964844,221.58999633789062,213.42999267578125,217.5500030517578,36789100
2022-11-07,221.9237060546875,227.8699951171875,228.41000366210938,221.27999877929688,221.99000549316406,33498000
2022-11-08,222.89759826660156,228.8699951171875,231.64999389648438,225.83999633789062,228.6999969482422,28192500
2022-11-09,218.6513671875,224.50999450683594,228.6300048828125,224.3300018310547,227.3699951171875,27852900
2022-11-10,236.6393585205078,242.97999572753906,243.3300018310547,235.0,235.42999267578125,46268000
2022-11-11,240.6615753173828,247.11000061035156,247.99000549316406,241.92999267578125,242.99000549316406,34620200
2022-11-14,235.24671936035156,241.5500030517578,243.91000366210938,239.2100067138672,241.99000549316406,31123300
2022-11-15,235.6557159423828,241.97000122070312,247.0,240.02999877929688,245.66000366210938,31390100
2022-11-16,236.08544921875,241.72999572753906,243.8000030517578,240.4199981689453,242.7899932861328,24093300
2022-11-17,236.03663635253906,241.67999267578125,243.25,237.6300048828125,237.77999877929688,23123500
2022-11-18,235.5873565673828,241.22000122070312,243.74000549316406,239.02999877929688,243.50999450683594,27613500
2022-11-21,236.39797973632812,242.0500030517578,244.6699981689453,241.19000244140625,241.42999267578125,26394700
2022-11-22,239.30838012695312,245.02999877929688,245.30999755859375,240.7100067138672,243.58999633789062,19665700
2022-11-23,241.79884338378906,247.5800018310547,248.27999877929688,244.27000427246094,245.11000061035156,19508500
2022-11-25,241.7109375,247.49000549316406,248.6999969482422,246.72999572753906,247.30999755859375,9200800
2022-11-28,236.11473083496094,241.75999450683594,246.64999389648438,240.8000030517578,246.0800018310547,24778200
2022-11-29,234.71812438964844,240.3300018310547,242.7899932861328,238.2100067138672,241.39999389648438,17956300
2022-11-30,249.18234252929688,255.13999938964844,255.3300018310547,239.86000061035156,240.57000732421875,47594200
2022-12-01,248.74282836914062,254.69000244140625,256.1199951171875,250.9199981689453,253.8699951171875,26041500
2022-12-02,249.06512451171875,255.02000427246094,256.05999755859375,249.69000244140625,249.82000732421875,21528500
2022-12-05,244.35763549804688,250.1999969482422,253.82000732421875,248.05999755859375,252.00999450683594,23435300
2022-12-06,239.39630126953125,245.1199951171875,251.86000061035156,243.77999877929688,250.82000732421875,22463700
2022-12-07,238.663818359375,244.3699951171875,246.16000366210938,242.2100067138672,244.8300018310547,20481500
2022-12-08,241.62301635742188,247.39999389648438,248.74000549316406,243.05999755859375,244.83999633789062,22611800
2022-12-09,239.6892852783203,245.4199981689453,248.30999755859375,244.16000366210938,244.6999969482422,20609700
2022-12-12,246.6137237548828,252.50999450683594,252.5399932861328,247.1699981689453,247.4499969482422,30665100
2022-12-13,250.92076110839844,256.9200134277344,263.9200134277344,253.07000732421875,261.69000244140625,42196900
2022-12-14,251.2137451171875,257.2200012207031,262.5899963378906,254.30999755859375,257.1300048828125,35410900
2022-12-15,243.19544982910156,249.00999450683594,254.1999969482422,247.33999633789062,253.72000122070312,35560400
2022-12-16,238.976318359375,244.69000244140625,249.83999633789062,243.50999450683594,248.5500030517578,86102000
2022-12-19,234.83534240722656,240.4499969482422,245.2100067138672,238.7100067138672,244.86000061035156,29696400
2022-12-20,236.15379333496094,241.8000030517578,242.91000366210938,238.4199981689453,239.39999389648438,25150800
2022-12-21,238.72239685058594,244.42999267578125,245.6199951171875,240.11000061035156,241.69000244140625,23690600
2022-12-22,232.6280975341797,238.19000244140625,241.99000549316406,233.8699951171875,241.25999450683594,28651700
2022-12-23,233.15548706054688,238.72999572753906,238.8699951171875,233.94000244140625,236.11000061035156,21207000
2022-12-27,231.4268341064453,236.9600067138672,238.92999267578125,235.8300018310547,238.6999969482422,16688600
2022-12-28,229.05357360839844,234.52999877929688,239.72000122070312,234.1699981689453,236.88999938964844,17457100
2022-12-29,235.3822479248047,241.00999450683594,241.9199981689453,235.64999389648438,235.64999389648438,19770700
2022-12-30,234.22003173828125,239.82000732421875,239.9600067138672,236.66000366210938,238.2100067138672,21938500
2023-01-03,233.98565673828125,239.5800018310547,245.75,237.39999389648438,243.0800018310547,25740000
2023-01-04,223.7503662109375,229.10000610351562,232.8699951171875,225.9600067138672,232.27999877929688,50623400
2023-01-05,217.118896484375,222.30999755859375,227.5500030517578,221.75999450683594,227.1999969482422,39585600
2023-01-06,219.677734375,224.92999267578125,225.75999450683594,219.35000610351562,223.0,43613600
2023-01-09,221.8166046142578,227.1199951171875,231.24000549316406,226.41000366210938,226.4499969482422,27369800
2023-01-10,223.5062255859375,228.85000610351562,231.30999755859375,227.3300018310547,227.75999450683594,27033900
2023-01-11,230.2646026611328,235.77000427246094,235.9499969482422,231.11000061035156,231.2899932861328,28669300
2023-01-12,232.9406280517578,238.50999450683594,239.89999389648438,233.55999755859375,235.25999450683594,27269500
2023-01-13,233.64381408691406,239.22999572753906,239.3699951171875,234.9199981689453,237.0,21333300
2023-01-17,234.7376708984375,240.35000610351562,240.91000366210938,237.08999633789062,237.97000122070312,29831300
2023-01-18,230.30368041992188,235.80999755859375,242.3800048828125,235.52000427246094,241.57000732421875,30028700
2023-01-19,226.5142822265625,231.92999267578125,235.52000427246094,230.67999267578125,233.77999877929688,28623000
2023-01-20,234.61070251464844,240.22000122070312,240.74000549316406,234.50999450683594,234.86000061035156,35389800
2023-01-23,236.9156036376953,242.5800018310547,245.1699981689453,239.64999389648438,241.10000610351562,31934000
2023-01-24,236.38821411132812,242.0399932861328,243.9499969482422,240.44000244140625,242.5,40234400
2023-01-25,234.99159240722656,240.61000061035156,243.3000030517578,230.89999389648438,234.47999572753906,66526600
2023-01-26,242.2090301513672,248.0,248.30999755859375,242.0,243.64999389648438,33454500
2023-01-27,242.36529541015625,248.16000366210938,249.8300018310547,246.8300018310547,248.99000549316406,26498900
2023-01-30,237.0425567626953,242.7100067138672,245.60000610351562,242.1999969482422,244.50999450683594,25867400
2023-01-31,242.0234832763672,247.80999755859375,247.9499969482422,242.9499969482422,243.4499969482422,26541100
2023-02-01,246.84811401367188,252.75,255.17999267578125,245.47000122070312,248.0,31259900
2023-02-02,258.4214172363281,264.6000061035156,264.69000244140625,257.25,258.82000732421875,39940400
2023-02-03,252.3173828125,258.3500061035156,264.20001220703125,257.1000061035156,259.5400085449219,29077300
2023-02-06,250.7742156982422,256.7699890136719,258.29998779296875,254.77999877929688,257.44000244140625,22518000
2023-02-07,261.3123474121094,267.55999755859375,268.7699890136719,260.0799865722656,260.5299987792969,50841400
2023-02-08,260.50164794921875,266.7300109863281,276.760009765625,266.2099914550781,273.20001220703125,54686000
2023-02-09,257.46429443359375,263.6199951171875,273.9800109863281,262.79998779296875,273.79998779296875,42375100
2023-02-10,256.9564514160156,263.1000061035156,264.0899963378906,260.6600036621094,261.5299987792969,25818500
2023-02-13,264.9844970703125,271.32000732421875,274.6000061035156,267.1499938964844,267.6400146484375,44630900
2023-02-14,265.8146667480469,272.1700134277344,274.9700012207031,269.2799987792969,272.6700134277344,37047900
2023-02-15,263.6900329589844,269.32000732421875,270.7300109863281,266.17999267578125,268.32000732421875,28922400
2023-02-16,256.6698913574219,262.1499938964844,266.739990234375,261.8999938964844,264.0199890136719,29603600
2023-02-17,252.66539001464844,258.05999755859375,260.0899963378906,256.0,259.3900146484375,30000100
2023-02-21,247.38807678222656,252.6699981689453,255.49000549316406,251.58999633789062,254.47999572753906,28397400
2023-02-22,246.2523193359375,251.50999450683594,254.33999633789062,250.33999633789062,254.08999633789062,22491100
2023-02-23,249.44419860839844,254.77000427246094,256.8399963378906,250.47999572753906,255.55999755859375,29219100
2023-02-24,244.0102081298828,249.22000122070312,251.0,248.10000610351562,249.9600067138672,24990900
2023-02-27,244.93055725097656,250.16000366210938,252.82000732421875,249.38999938964844,252.4600067138672,21190000
2023-02-28,244.20599365234375,249.4199981689453,251.49000549316406,248.72999572753906,249.07000732421875,22491000
2023-03-01,241.1218719482422,246.27000427246094,250.92999267578125,245.7899932861328,250.75999450683594,27565300
2023-03-02,245.86068725585938,251.11000061035156,251.39999389648438,245.61000061035156,246.5500030517578,24808200
2023-03-03,249.95330810546875,255.2899932861328,255.6199951171875,251.38999938964844,252.19000244140625,30760100
2023-03-06,251.5002899169922,256.8699951171875,260.1199951171875,255.97999572753906,256.42999267578125,24109800
2023-03-07,248.8370819091797,254.14999389648438,257.69000244140625,253.38999938964844,256.29998779296875,21473200
2023-03-08,248.3965606689453,253.6999969482422,254.5399932861328,250.80999755859375,254.0399932861328,17340200
2023-03-09,247.04537963867188,252.32000732421875,259.55999755859375,251.5800018310547,255.82000732421875,26653400
2023-03-10,243.3933868408203,248.58999633789062,252.7899932861328,247.60000610351562,251.0800018310547,28333900
2023-03-13,248.61192321777344,253.9199981689453,257.9100036621094,245.72999572753906,247.39999389648438,33339700
2023-03-14,255.33831787109375,260.7900085449219,261.07000732421875,255.86000061035156,256.75,33620300
2023-03-15,259.8910827636719,265.44000244140625,266.4800109863281,259.2099914550781,259.9800109863281,46028000
2023-03-16,270.4261779785156,276.20001220703125,276.55999755859375,263.2799987792969,265.2099914550781,54768800
2023-03-17,273.5886535644531,279.42999267578125,283.3299865722656,276.32000732421875,278.260009765625,69527400
2023-03-20,266.53924560546875,272.2300109863281,277.4800109863281,269.8500061035156,276.9800109863281,43466600
2023-03-21,268.0567321777344,273.7799987792969,275.0,269.5199890136719,274.8800048828125,34558700
2023-03-22,266.59796142578125,272.2900085449219,281.0400085449219,272.17999267578125,273.3999938964844,34873300
2023-03-23,271.8556823730469,277.6600036621094,281.05999755859375,275.20001220703125,277.94000244140625,36610900
2023-03-24,274.7048645019531,280.57000732421875,280.6300048828125,275.2799987792969,277.239990234375,28172000
2023-03-27,270.6024475097656,276.3800048828125,281.4599914550781,275.5199890136719,280.5,26840200
2023-03-28,269.4765319824219,275.2300109863281,276.1400146484375,272.04998779296875,275.7900085449219,21878600
2023-03-29,274.6461181640625,280.510009765625,281.1400146484375,278.4100036621094,278.9599914550781,25087000
2023-03-30,278.112060546875,284.04998779296875,284.4599914550781,281.4800109863281,284.2300109863281,25053400
2023-03-31,282.273193359375,288.29998779296875,289.2699890136719,283.0,283.7300109863281,32766000
2023-04-03,281.2256164550781,287.2300109863281,288.2699890136719,283.95001220703125,286.5199890136719,24883300
2023-04-04,281.1766357421875,287.17999267578125,290.45001220703125,285.6700134277344,287.2300109863281,25824300
2023-04-05,278.3960266113281,284.3399963378906,287.1499938964844,282.9200134277344,285.8500061035156,22064800
2023-04-06,285.5042724609375,291.6000061035156,292.0799865722656,282.0299987792969,283.2099914550781,29770300
2023-04-10,283.3404846191406,289.3900146484375,289.6000061035156,284.7099914550781,289.2099914550781,23103000
2023-04-11,276.9176025390625,282.8299865722656,285.9800109863281,281.6400146484375,285.75,27276600
2023-04-12,277.5638122558594,283.489990234375,287.010009765625,281.9599914550781,284.7900085449219,27403400
2023-04-13,283.78106689453125,289.8399963378906,289.8999938964844,283.1700134277344,283.5899963378906,24222700
2023-04-14,280.1584167480469,286.1400146484375,288.4800109863281,283.69000244140625,287.0,20987900
2023-04-17,282.76275634765625,288.79998779296875,291.6000061035156,286.1600036621094,289.92999267578125,23836200
2023-04-18,282.34185791015625,288.3699951171875,291.760009765625,287.010009765625,291.57000732421875,20161800
2023-04-19,282.4200744628906,288.45001220703125,289.04998779296875,284.5400085449219,285.989990234375,17150300
2023-04-20,280.1290588378906,286.1099853515625,289.0299987792969,285.0799865722656,285.25,23244400
2023-04-21,279.78631591796875,285.760009765625,286.2699890136719,283.05999755859375,285.010009765625,21676400
2023-04-24,275.8797912597656,281.7699890136719,284.95001220703125,278.7200012207031,282.0899963378906,26611000
2023-04-25,269.6625061035156,275.4200134277344,281.6000061035156,275.3699951171875,279.510009765625,45772200
2023-04-26,289.1954345703125,295.3699951171875,299.57000732421875,292.7300109863281,296.70001220703125,64599200
2023-04-27,298.4577331542969,304.8299865722656,305.20001220703125,295.25,295.9700012207031,46462600
2023-04-28,300.8369140625,307.260009765625,308.92999267578125,303.30999755859375,304.010009765625,36469600
2023-05-01,299.17242431640625,305.55999755859375,308.6000061035156,305.1499938964844,306.9700012207031,21294100
2023-05-02,299.0256042480469,305.4100036621094,309.17999267578125,303.9100036621094,307.760009765625,26404400
2023-05-03,298.0367126464844,304.3999938964844,308.6099853515625,304.0899963378906,306.6199951171875,22360800
2023-05-04,299.0256042480469,305.4100036621094,307.760009765625,303.3999938964844,306.239990234375,22519900
2023-05-05,304.1560363769531,310.6499938964844,311.9700012207031,304.2699890136719,305.7200012207031,28197100
2023-05-08,302.1978454589844,308.6499938964844,310.20001220703125,306.0899963378906,310.1300048828125,21318600
2023-05-09,300.5823669433594,307.0,310.0400085449219,306.30999755859375,308.0,21340800
2023-05-10,305.78131103515625,312.30999755859375,313.0,307.6700134277344,308.6199951171875,30078000
2023-05-11,303.6273193359375,310.1099853515625,311.1199951171875,306.260009765625,310.1000061035156,31680200
2023-05-12,302.5111389160156,308.9700012207031,310.6499938964844,306.6000061035156,310.54998779296875,19774700
2023-05-15,302.9908752441406,309.4599914550781,309.8999938964844,307.5899963378906,309.1000061035156,16336500
2023-05-16,305.22320556640625,311.739990234375,313.7099914550781,309.8299865722656,309.8299865722656,26730300
2023-05-17,308.10809326171875,314.0,314.42999267578125,310.739990234375,312.2900085449219,24315000
2023-05-18,312.54327392578125,318.5199890136719,319.0400085449219,313.7200012207031,314.5299987792969,27276000
2023-05-19,312.36663818359375,318.3399963378906,318.75,316.3699951171875,316.739990234375,27546700
2023-05-22,315.1533203125,321.17999267578125,322.5899963378906,318.010009765625,318.6000061035156,24115700
2023-05-23,309.3444519042969,315.260009765625,322.7200012207031,315.25,320.0299987792969,30797200
2023-05-24,307.9609069824219,313.8500061035156,316.5,312.6099853515625,314.7300109863281,23384900
2023-05-25,319.8044128417969,325.9200134277344,326.8999938964844,320.0,323.239990234375,43301700
2023-05-26,326.64361572265625,332.8900146484375,333.3999938964844,323.8800048828125,324.0199890136719,36630600
2023-05-30,324.9951171875,331.2099914550781,335.739990234375,330.5199890136719,335.2300109863281,29503100
2023-05-31,322.22808837890625,328.3900146484375,335.94000244140625,327.3299865722656,332.2900085449219,45950600
2023-06-01,326.3394470214844,332.5799865722656,333.5299987792969,324.7200012207031,325.92999267578125,26773900
2023-06-02,329.10650634765625,335.3999938964844,337.5,332.54998779296875,334.25,25873800
2023-06-05,329.63641357421875,335.94000244140625,338.55999755859375,334.6600036621094,335.2200012207031,21307100
2023-06-06,327.4187927246094,333.67999267578125,335.3699951171875,332.1700134277344,335.3299865722656,20396200
2023-06-07,317.3120422363281,323.3800048828125,334.489990234375,322.5,331.6499938964844,40717100
2023-06-08,319.15679931640625,325.260009765625,326.6400146484375,323.3500061035156,323.94000244140625,23277700
2023-06-09,320.6580810546875,326.7900085449219,329.989990234375,324.4100036621094,324.989990234375,22529000
2023-06-12,325.62310791015625,331.8500061035156,332.1000061035156,325.1600036621094,328.5799865722656,24260300
2023-06-13,328.01739501953125,334.2900085449219,336.9800109863281,330.3900146484375,334.4700012207031,22951300
2023-06-14,331.0101013183594,337.3399963378906,339.0400085449219,332.80999755859375,334.3399963378906,26003800
2023-06-15,341.5682373046875,348.1000061035156,349.8399963378906,337.20001220703125,337.4800109863281,38899100
2023-06-16,335.906494140625,342.3299865722656,351.4700012207031,341.95001220703125,351.32000732421875,46552000
2023-06-20,331.706787109375,338.04998779296875,342.0799865722656,335.8599853515625,339.30999755859375,26375400
2023-06-21,327.3010559082031,333.55999755859375,337.7300109863281,332.07000732421875,336.3699951171875,25117800
2023-06-22,333.3356628417969,339.7099914550781,340.1199951171875,333.3399963378906,334.1199951171875,23556800
2023-06-23,328.733642578125,335.0199890136719,337.9599914550781,333.45001220703125,334.3599853515625,23146900
2023-06-26,322.4341125488281,328.6000061035156,336.1099853515625,328.489990234375,333.7200012207031,21520600
2023-06-27,328.2921142578125,334.57000732421875,336.1499938964844,329.29998779296875,331.8599853515625,24354100
2023-06-28,329.548095703125,335.8500061035156,337.9800109863281,333.80999755859375,334.6600036621094,20259500
2023-06-29,328.7630310058594,335.04998779296875,336.1099853515625,332.6199951171875,334.7099914550781,16997000
2023-06-30,334.15008544921875,340.5400085449219,342.7300109863281,337.20001220703125,337.75,26832800
2023-07-03,331.6479187011719,337.989990234375,340.8999938964844,336.57000732421875,339.19000244140625,12508700
2023-07-05,331.804931640625,338.1499938964844,341.6499938964844,334.7300109863281,335.0899963378906,18172400
2023-07-06,334.86639404296875,341.2699890136719,342.989990234375,335.5,337.29998779296875,28161200
2023-07-07,330.8923645019531,337.2200012207031,341.7900085449219,337.0,339.32000732421875,21214800
2023-07-10,325.6034851074219,331.8299865722656,335.2300109863281,327.5899963378906,334.6000061035156,32791400
2023-07-11,326.23150634765625,332.4700012207031,332.8599853515625,327.0,331.05999755859375,26698200
2023-07-12,330.8727722167969,337.20001220703125,341.6499938964844,335.6700134277344,336.6000061035156,29995300
2023-07-13,336.2303161621094,342.6600036621094,343.739990234375,339.0199890136719,339.55999755859375,20567200
2023-07-14,338.76190185546875,345.239990234375,351.42999267578125,344.30999755859375,347.5899963378906,28352700
2023-07-17,339.2427062988281,345.7300109863281,346.989990234375,342.20001220703125,345.67999267578125,20363900
2023-07-18,352.7444152832031,359.489990234375,366.7799987792969,342.1700134277344,345.8299865722656,64738600
2023-07-19,348.4172668457031,355.0799865722656,362.4599914550781,352.44000244140625,361.75,39732900
2023-07-20,340.3612976074219,346.8699951171875,357.9700012207031,345.3699951171875,353.57000732421875,33778400
2023-07-21,337.3194580078125,343.7699890136719,350.29998779296875,339.8299865722656,349.1499938964844,69405400
2023-07-24,338.6343078613281,345.1099853515625,346.9200134277344,342.30999755859375,345.8500061035156,26678100
2023-07-25,344.3941650390625,350.9800109863281,351.8900146484375,345.07000732421875,347.1099853515625,41637700
2023-07-26,331.43206787109375,337.7699890136719,344.6700134277344,333.1099853515625,341.44000244140625,58383700
2023-07-27,324.5143127441406,330.7200012207031,341.3299865722656,329.04998779296875,340.4800109863281,39635300
2023-07-28,332.0207824707031,338.3699951171875,340.010009765625,333.1700134277344,333.6700134277344,28484900
2023-07-31,329.61676025390625,335.9200134277344,337.70001220703125,333.3599853515625,336.9200134277344,25446000
2023-08-01,330.0289306640625,336.3399963378906,338.5400085449219,333.70001220703125,335.19000244140625,18311900
2023-08-02,321.3547058105469,327.5,333.6300048828125,326.3599853515625,333.6300048828125,27761300
2023-08-03,320.5304870605469,326.6600036621094,329.8800048828125,325.95001220703125,326.0,18253700
2023-08-04,321.6295166015625,327.7799987792969,335.1400146484375,327.239990234375,331.8800048828125,23741500
2023-08-07,323.915771484375,330.1099853515625,331.1099853515625,327.5199890136719,328.3699951171875,17741500
2023-08-08,319.93194580078125,326.04998779296875,328.75,323.0,326.9599914550781,22327600
2023-08-09,316.18365478515625,322.2300109863281,327.1099853515625,321.04998779296875,326.4700012207031,22373300
2023-08-10,316.8704528808594,322.92999267578125,328.260009765625,321.17999267578125,326.0199890136719,20113700
2023-08-11,314.986572265625,321.010009765625,322.4100036621094,319.2099914550781,320.260009765625,24355500
2023-08-14,317.95965576171875,324.0400085449219,324.05999755859375,320.0799865722656,321.3900146484375,18836100
2023-08-15,315.820556640625,321.8599853515625,325.0899963378906,320.8999938964844,323.0,16966300
2023-08-16,315.05364990234375,320.3999938964844,324.4200134277344,319.79998779296875,320.79998779296875,20698900
2023-08-17,311.59234619140625,316.8800048828125,321.8699951171875,316.2099914550781,320.5400085449219,21257200
2023-08-18,311.1990966796875,316.4800109863281,318.3800048828125,311.54998779296875,314.489990234375,24755000
2023-08-21,316.5089416503906,321.8800048828125,322.7699890136719,317.0400085449219,317.92999267578125,24040000
2023-08-22,317.0792541503906,322.4599914550781,326.0799865722656,321.4599914550781,325.5,16084600
2023-08-23,321.54351806640625,327.0,329.20001220703125,323.4599914550781,323.82000732421875,21166400
2023-08-24,314.6307678222656,319.9700012207031,332.9800109863281,319.9599914550781,332.8500061035156,23281400
2023-08-25,317.5905456542969,322.9800109863281,325.3599853515625,318.79998779296875,321.4700012207031,21684100
2023-08-28,318.298583984375,323.70001220703125,326.1499938964844,321.7200012207031,325.6600036621094,14808500
2023-08-29,322.9299621582031,328.4100036621094,328.9800109863281,321.8800048828125,321.8800048828125,19284600
2023-08-30,323.30364990234375,328.7900085449219,329.80999755859375,326.45001220703125,328.6700134277344,15222100
2023-08-31,322.2908020019531,327.760009765625,330.9100036621094,326.7799987792969,329.20001220703125,26411000
2023-09-01,323.1757507324219,328.6600036621094,331.989990234375,326.7799987792969,331.30999755859375,14942000
2023-09-05,327.98419189453125,333.54998779296875,334.8500061035156,328.6600036621094,329.0,18553900
2023-09-06,327.3254089355469,332.8800048828125,334.4599914550781,330.17999267578125,333.3800048828125,17535800
2023-09-07,324.4048767089844,329.9100036621094,333.0799865722656,329.0299987792969,331.2900085449219,18381000
2023-09-08,328.6921691894531,334.2699890136719,336.1600036621094,329.4599914550781,330.0899963378906,19530100
2023-09-11,332.30096435546875,337.94000244140625,338.4200134277344,335.42999267578125,337.239990234375,16583300
2023-09-12,326.23388671875,331.7699890136719,336.7900085449219,331.4800109863281,335.82000732421875,17565500
2023-09-13,330.4523010253906,336.05999755859375,336.8500061035156,331.1700134277344,331.30999755859375,16544400
2023-09-14,333.04827880859375,338.70001220703125,340.8599853515625,336.57000732421875,339.1499938964844,20267000
2023-09-15,324.7097473144531,330.2200012207031,337.3999938964844,329.6499938964844,336.9200134277344,37679800
2023-09-18,323.56915283203125,329.05999755859375,330.3999938964844,326.3599853515625,327.79998779296875,16834200
2023-09-19,323.16595458984375,328.6499938964844,329.3900146484375,324.510009765625,326.1700134277344,16505900
2023-09-20,315.41741943359375,320.7699890136719,329.5899963378906,320.510009765625,329.510009765625,21436500
2023-09-21,314.1981506347656,319.5299987792969,325.3500061035156,315.0,319.260009765625,35560400
2023-09-22,311.72015380859375,317.010009765625,321.45001220703125,316.1499938964844,321.32000732421875,21447900
2023-09-25,312.2413024902344,317.5400085449219,317.6700134277344,315.0,316.5899963378906,17836000
2023-09-26,306.93145751953125,312.1400146484375,315.8800048828125,310.0199890136719,315.1300048828125,26297600
2023-09-27,307.5705871582031,312.7900085449219,314.29998779296875,309.69000244140625,312.29998779296875,19410100
2023-09-28,308.4064025878906,313.6400146484375,315.4800109863281,309.45001220703125,310.989990234375,19683600
2023-09-29,310.481201171875,315.75,319.4700012207031,314.9800109863281,317.75,24147300
2023-10-02,316.43023681640625,321.79998779296875,321.8900146484375,315.17999267578125,316.2799987792969,20570000
2023-10-03,308.1606140136719,313.3900146484375,321.3900146484375,311.2099914550781,320.8299865722656,21033500
2023-10-04,313.6376037597656,318.9599914550781,320.0400085449219,314.0,314.0299987792969,20720100
2023-10-05,314.0309753417969,319.3599853515625,319.9800109863281,314.8999938964844,319.0899963378906,16965600
2023-10-06,321.79913330078125,327.260009765625,329.19000244140625,316.29998779296875,316.54998779296875,25673600
2023-10-09,324.3163757324219,329.82000732421875,330.29998779296875,323.17999267578125,324.75,19891200
2023-10-10,322.9103088378906,328.3900146484375,331.1000061035156,327.6700134277344,330.9599914550781,20557100
2023-10-11,326.873046875,332.4200134277344,332.82000732421875,329.1400146484375,331.2099914550781,20063200
2023-10-12,325.63409423828125,331.1600036621094,333.6300048828125,328.7200012207031,330.57000732421875,19313100
2023-10-13,322.26129150390625,327.7300109863281,333.8299865722656,326.3599853515625,332.3800048828125,21072400
2023-10-16,327.08941650390625,332.6400146484375,336.1400146484375,330.6000061035156,331.04998779296875,22158000
2023-10-17,326.5190734863281,332.05999755859375,333.4599914550781,327.4100036621094,329.5899963378906,18338500
2023-10-18,324.6015930175781,330.1099853515625,335.5899963378906,328.29998779296875,332.489990234375,23153600
2023-10-19,325.7913513183594,331.32000732421875,336.8800048828125,330.9100036621094,332.1499938964844,25052100
2023-10-20,321.2190246582031,326.6700134277344,331.9200134277344,325.45001220703125,331.7200012207031,25027700
2023-10-23,323.82476806640625,329.32000732421875,332.7300109863281,324.3900146484375,325.4700012207031,24374700
2023-10-24,325.01458740234375,330.5299987792969,331.8399963378906,327.6000061035156,331.29998779296875,31153600
2023-10-25,334.9853515625,340.6700134277344,346.20001220703125,337.6199951171875,345.0199890136719,55053800
2023-10-26,322.41864013671875,327.8900146484375,341.6300048828125,326.94000244140625,340.5400085449219,37828500
2023-10-27,324.3066101074219,329.80999755859375,336.7200012207031,328.3999938964844,330.42999267578125,29856500
2023-10-30,331.6814270019531,337.30999755859375,339.45001220703125,331.8299865722656,333.4100036621094,22828100
2023-10-31,332.46807861328125,338.1099853515625,339.0,334.69000244140625,338.8500061035156,20265300
2023-11-01,340.2953186035156,346.07000732421875,347.4200134277344,339.6499938964844,339.7900085449219,28158800
2023-11-02,342.5076904296875,348.32000732421875,348.8299865722656,344.7699890136719,347.239990234375,24348100
2023-11-03,346.9129333496094,352.79998779296875,354.3900146484375,347.3299865722656,349.6300048828125,23637700
2023-11-06,350.5807800292969,356.5299987792969,357.5400085449219,353.3500061035156,353.45001220703125,23828300
2023-11-07,354.513916015625,360.5299987792969,362.4599914550781,357.6300048828125,359.3999938964844,25833900
2023-11-08,357.13946533203125,363.20001220703125,363.8699951171875,360.54998779296875,361.67999267578125,26767800
2023-11-09,354.67138671875,360.69000244140625,364.7900085449219,360.3599853515625,362.29998779296875,24847300
2023-11-10,363.50146484375,369.6700134277344,370.1000061035156,361.07000732421875,361.489990234375,28042100
2023-11-13,360.5614013671875,366.67999267578125,368.4700012207031,365.8999938964844,368.2200012207031,19986500
2023-11-14,364.0914611816406,370.2699890136719,371.95001220703125,367.3500061035156,371.010009765625,27683900
2023-11-15,364.2392883300781,369.6700134277344,373.1300048828125,367.1099853515625,371.2799987792969,26860100
2023-11-16,370.6437683105469,376.1700134277344,376.3500061035156,370.17999267578125,370.9599914550781,27182300
2023-11-17,364.4166259765625,369.8500061035156,374.3699951171875,367.0,373.6099853515625,40157000
2023-11-20,371.8951110839844,377.44000244140625,378.8699951171875,371.0,371.2200012207031,52465100
2023-11-21,367.5893249511719,373.07000732421875,376.2200012207031,371.1199951171875,375.6700134277344,28423100
2023-11-22,372.2991027832031,377.8500061035156,379.7900085449219,374.9700012207031,378.0,23345300
2023-11-24,371.88525390625,377.42999267578125,377.9700012207031,375.1400146484375,377.3299865722656,10176600
2023-11-27,373.04791259765625,378.6099853515625,380.6400146484375,376.20001220703125,376.7799987792969,22179200
2023-11-28,377.0778503417969,382.70001220703125,383.0,378.1600036621094,378.3500061035156,20453100
2023-11-29,373.284423828125,378.8500061035156,384.29998779296875,377.44000244140625,383.760009765625,28963400
2023-11-30,373.343505859375,378.9100036621094,380.0899963378906,375.4700012207031,378.489990234375,30554400
2023-12-01,369.0081481933594,374.510009765625,378.1600036621094,371.30999755859375,376.760009765625,33040500
2023-12-04,363.7170104980469,369.1400146484375,369.5199890136719,362.8999938964844,369.1000061035156,32063300
2023-12-05,367.0473937988281,372.5199890136719,373.0799865722656,365.6199951171875,366.45001220703125,23065000
2023-12-06,363.38201904296875,368.79998779296875,374.17999267578125,368.0299987792969,373.5400085449219,21182100
2023-12-07,365.5004577636719,370.95001220703125,371.45001220703125,366.32000732421875,368.2300109863281,23118900
2023-12-08,368.73223876953125,374.2300109863281,374.4599914550781,368.2300109863281,369.20001220703125,20154400
2023-12-11,365.8453369140625,371.29998779296875,371.6000061035156,366.1000061035156,368.4800109863281,27708800
2023-12-12,368.8800354003906,374.3800048828125,374.4200134277344,370.4599914550781,370.8500061035156,24838300
2023-12-13,368.8702087402344,374.3699951171875,377.6400146484375,370.7699890136719,376.0199890136719,30955500
2023-12-14,360.5541687011719,365.92999267578125,373.760009765625,364.1300048828125,373.30999755859375,43277500
2023-12-15,365.2836608886719,370.7300109863281,372.3999938964844,366.2799987792969,366.8500061035156,78502300
2023-12-18,367.1754455566406,372.6499938964844,373.0,368.67999267578125,369.45001220703125,21802900
2023-12-19,367.7765197753906,373.260009765625,373.260009765625,369.8399963378906,371.489990234375,20603700
2023-12-20,365.1752624511719,370.6199951171875,376.0299987792969,370.5299987792969,375.0,26316700
2023-12-21,368.0523681640625,373.5400085449219,374.4100036621094,370.0400085449219,372.55999755859375,17708000
2023-12-22,369.0771179199219,374.5799865722656,375.17999267578125,372.7099914550781,373.67999267578125,17107500
2023-12-26,369.1559143066406,374.6600036621094,376.94000244140625,373.5,375.0,12673100
2023-12-27,368.5746154785156,374.07000732421875,375.05999755859375,372.80999755859375,373.69000244140625,14905400
2023-12-28,369.766845703125,375.2799987792969,376.4599914550781,374.1600036621094,375.3699951171875,14327000
2023-12-29,370.51568603515625,376.0400085449219,377.1600036621094,373.4800109863281,376.0,18730800
2024-01-02,365.421630859375,370.8699951171875,375.8999938964844,366.7699890136719,373.8599853515625,25258600
2024-01-03,365.1555480957031,370.6000061035156,373.260009765625,368.510009765625,369.010009765625,23083500
2024-01-04,362.53466796875,367.94000244140625,373.1000061035156,367.1700134277344,370.6700134277344,20901500
2024-01-05,362.3474426269531,367.75,372.05999755859375,366.5,368.9700012207031,21004600
2024-01-08,369.1854553222656,374.69000244140625,375.20001220703125,369.010009765625,369.29998779296875,23134000
2024-01-09,370.2693786621094,375.7900085449219,375.989990234375,371.19000244140625,372.010009765625,20830000
2024-01-10,377.14678955078125,382.7699890136719,384.1700134277344,376.32000732421875,376.3699951171875,25514200
2024-01-11,378.9794616699219,384.6300048828125,390.67999267578125,380.3800048828125,386.0,27850800
2024-01-12,382.7630920410156,388.4700012207031,388.67999267578125,384.6499938964844,385.489990234375,21661200
2024-01-16,384.5365905761719,390.2699890136719,394.0299987792969,387.6199951171875,393.6600036621094,27202300
2024-01-17,383.7483825683594,389.4700012207031,390.1099853515625,384.80999755859375,387.9800109863281,22234100
2024-01-18,388.0837097167969,393.8699951171875,393.989990234375,390.1199951171875,391.7200012207031,23392100
2024-01-19,392.813232421875,398.6700134277344,398.6700134277344,393.5,395.760009765625,29331100
2024-01-22,390.6849670410156,396.510009765625,400.6199951171875,393.5899963378906,400.0199890136719,27016900
2024-01-23,393.0398254394531,398.8999938964844,399.3800048828125,393.92999267578125,395.75,20525900
2024-01-24,396.64605712890625,402.55999755859375,405.6300048828125,400.45001220703125,401.5400085449219,24867000
2024-01-25,398.9221496582031,404.8699951171875,407.010009765625,402.5299987792969,404.32000732421875,21021200
2024-01-26,397.99591064453125,403.92999267578125,406.1700134277344,402.42999267578125,404.3699951171875,17803300
2024-01-29,403.70086669921875,409.7200012207031,409.9800109863281,404.3299865722656,406.05999755859375,24510200
2024-01-30,402.58746337890625,408.5899963378906,413.04998779296875,406.45001220703125,412.260009765625,33477600
2024-01-31,391.73919677734375,397.5799865722656,415.32000732421875,397.2099914550781,406.9599914550781,47871100
2024-02-01,397.84814453125,403.7799987792969,408.0,401.79998779296875,401.8299865722656,30657700
2024-02-02,405.1788330078125,411.2200012207031,412.6499938964844,403.55999755859375,403.80999755859375,28256700
2024-02-05,399.6907043457031,405.6499938964844,411.1600036621094,403.989990234375,409.8999938964844,25352300
2024-02-06,399.5329895019531,405.489990234375,407.9700012207031,402.9100036621094,405.8800048828125,18382600
2024-02-07,407.96722412109375,414.04998779296875,414.29998779296875,407.3999938964844,407.44000244140625,22340500
2024-02-08,408.0263977050781,414.1099853515625,415.55999755859375,412.5299987792969,414.04998779296875,21225300
2024-02-09,414.3717346191406,420.54998779296875,420.82000732421875,415.0899963378906,415.25,22032800
2024-02-12,409.1595153808594,415.260009765625,420.739990234375,414.75,420.55999755859375,21202900
2024-02-13,400.35089111328125,406.32000732421875,410.07000732421875,403.3900146484375,404.94000244140625,27824900
2024-02-14,404.2203674316406,409.489990234375,409.8399963378906,404.57000732421875,408.07000732421875,20401200
2024-02-15,401.3280944824219,406.55999755859375,409.1300048828125,404.2900085449219,408.1400146484375,21825500
2024-02-16,398.8602600097656,404.05999755859375,408.2900085449219,403.44000244140625,407.9599914550781,22296500
2024-02-20,397.60662841796875,402.7900085449219,404.489990234375,398.010009765625,403.239990234375,24307900
2024-02-21,397.00445556640625,402.17999267578125,402.2900085449219,397.2200012207031,400.1700134277344,18518900
2024-02-22,406.3525695800781,411.6499938964844,412.8299865722656,408.57000732421875,410.19000244140625,27009900
2024-02-23,405.0594482421875,410.3399963378906,415.8599853515625,408.9700012207031,415.6700134277344,16295900
2024-02-26,402.2955017089844,407.5400085449219,412.1600036621094,407.3599853515625,411.4599914550781,16193500
2024-02-27,402.2362976074219,407.4800109863281,408.32000732421875,403.8500061035156,407.989990234375,14835800
2024-02-28,402.4731140136719,407.7200012207031,409.29998779296875,405.32000732421875,408.17999267578125,13183100
2024-02-29,408.3170166015625,413.6400146484375,414.20001220703125,405.9200134277344,408.6400146484375,31947300
2024-03-01,410.1530456542969,415.5,415.8699951171875,410.8800048828125,411.2699890136719,17823400
2024-03-04,409.5805358886719,414.9200134277344,417.3500061035156,412.32000732421875,413.44000244140625,17596000
2024-03-05,397.4684143066406,402.6499938964844,414.25,400.6400146484375,413.9599914550781,26919200
2024-03-06,396.9156188964844,402.0899963378906,405.1600036621094,398.3900146484375,402.9700012207031,22344100
2024-03-07,403.8749084472656,409.1400146484375,409.7799987792969,402.239990234375,406.1199951171875,18718500
2024-03-08,400.9924621582031,406.2200012207031,410.4200134277344,404.3299865722656,407.9599914550781,18002200
2024-03-11,399.3143310546875,404.5199890136719,405.67999267578125,401.260009765625,403.760009765625,16120800
2024-03-12,409.9358825683594,415.2799987792969,415.57000732421875,406.7900085449219,407.6199951171875,22457000
2024-03-13,409.7581787109375,415.1000061035156,418.17999267578125,411.45001220703125,418.1000061035156,17115900
2024-03-14,419.74798583984375,425.2200012207031,427.82000732421875,417.989990234375,420.239990234375,34157300
2024-03-15,411.06121826171875,416.4200134277344,422.6000061035156,412.7900085449219,419.2900085449219,45079900
2024-03-18,411.94964599609375,417.32000732421875,420.7300109863281,413.7799987792969,414.25,20106000
2024-03-19,415.9869689941406,421.4100036621094,421.6700134277344,415.54998779296875,417.8299865722656,19837900
2024-03-20,419.7578125,425.2300109863281,425.9599914550781,420.6600036621094,422.0,17860100
2024-03-21,423.84454345703125,429.3699951171875,430.82000732421875,427.1600036621094,429.8299865722656,21296200
2024-03-22,423.22265625,428.739990234375,429.8599853515625,426.07000732421875,429.70001220703125,17648500
2024-03-25,417.4183654785156,422.8599853515625,427.4100036621094,421.6099853515625,425.239990234375,18060500
2024-03-26,416.2239074707031,421.6499938964844,425.989990234375,421.3500061035156,425.6099853515625,16725600
2024-03-27,416.0067443847656,421.42999267578125,424.45001220703125,419.010009765625,424.44000244140625,16705000
2024-03-28,415.30584716796875,420.7200012207031,421.8699951171875,419.1199951171875,420.9599914550781,21871200
2024-04-01,419.1063232421875,424.57000732421875,427.8900146484375,422.2200012207031,423.95001220703125,16316000
2024-04-02,416.0166015625,421.44000244140625,422.3800048828125,417.8399963378906,420.1099853515625,17912000
2024-04-03,415.0393371582031,420.45001220703125,423.260009765625,419.0899963378906,419.7300109863281,16502300
2024-04-04,412.5024108886719,417.8800048828125,428.6700134277344,417.57000732421875,424.989990234375,19370900
2024-04-05,420.0440979003906,425.5199890136719,426.510009765625,418.32000732421875,420.010009765625,16554800
2024-04-08,419.1260681152344,424.5899963378906,427.2799987792969,423.29998779296875,425.1700134277344,14272400
2024-04-09,420.7942810058594,426.2799987792969,427.739990234375,421.6199951171875,426.44000244140625,12496900
2024-04-10,417.8132019042969,423.260009765625,424.0299987792969,419.70001220703125,422.19000244140625,16216600
2024-04-11,422.4230651855469,427.92999267578125,429.3699951171875,422.3599853515625,425.82000732421875,17966400
2024-04-12,416.4706726074219,421.8999938964844,425.17999267578125,419.7699890136719,424.04998779296875,19253800
2024-04-15,408.3170166015625,413.6400146484375,426.82000732421875,413.42999267578125,426.6000061035156,20273500
2024-04-16,409.2448425292969,414.5799865722656,418.3999938964844,413.7300109863281,414.57000732421875,16765600
2024-04-17,406.54010009765625,411.8399963378906,418.8800048828125,410.3299865722656,417.25,15855500
2024-04-18,399.0675354003906,404.2699890136719,411.8900146484375,403.95001220703125,410.6300048828125,21029900
2024-04-19,393.9838562011719,399.1199951171875,405.4800109863281,397.7699890136719,404.0299987792969,30565800
2024-04-22,395.8002014160156,400.9599914550781,402.8500061035156,395.75,400.0799865722656,20286900
2024-04-23,402.3250732421875,407.57000732421875,408.20001220703125,403.05999755859375,404.239990234375,15734500
2024-04-24,403.7958984375,409.05999755859375,412.4700012207031,406.7799987792969,409.55999755859375,15065300
2024-04-25,393.90484619140625,399.0400085449219,399.8900146484375,388.0299987792969,394.0299987792969,40586500
2024-04-26,401.0912170410156,406.32000732421875,413.0,405.760009765625,412.1700134277344,29694700
2024-04-29,397.07354736328125,402.25,406.32000732421875,399.19000244140625,405.25,19582100
2024-04-30,384.3197937011719,389.3299865722656,402.1600036621094,389.1700134277344,401.489990234375,28781400
2024-05-01,389.85760498046875,394.94000244140625,401.7200012207031,390.30999755859375,392.6099853515625,23562500
2024-05-02,392.72027587890625,397.8399963378906,399.92999267578125,394.6499938964844,397.6600036621094,17709400
2024-05-03,401.42681884765625,406.6600036621094,407.1499938964844,401.8599853515625,402.2799987792969,17446700
2024-05-06,408.2182312011719,413.5400085449219,413.92999267578125,406.3699951171875,408.760009765625,16996600
2024-05-07,404.07232666015625,409.3399963378906,414.6700134277344,409.0899963378906,414.6600036621094,20018200
2024-05-08,405.2568664550781,410.5400085449219,412.2300109863281,406.7099914550781,408.1700134277344,11792300
2024-05-09,407.0139465332031,412.32000732421875,412.7200012207031,409.1000061035156,410.57000732421875,14689700
2024-05-10,409.4028015136719,414.739990234375,415.3800048828125,411.79998779296875,412.94000244140625,13402300
2024-05-13,408.3959655761719,413.7200012207031,418.3500061035156,410.82000732421875,418.010009765625,15440200
2024-05-14,411.19940185546875,416.55999755859375,417.489990234375,411.54998779296875,412.0199890136719,15109300
2024-05-15,418.3887634277344,423.0799865722656,423.80999755859375,417.2699890136719,417.8999938964844,22239500
2024-05-16,416.3219299316406,420.989990234375,425.4200134277344,420.3500061035156,421.79998779296875,17530100
2024-05-17,415.5506286621094,420.2099914550781,422.9200134277344,418.0299987792969,422.5400085449219,15352200
2024-05-20,420.6237487792969,425.3399963378906,426.7699890136719,419.989990234375,420.2099914550781,16272100
2024-05-21,424.2826843261719,429.0400085449219,432.9700012207031,424.8500061035156,426.8299865722656,21453300
2024-05-22,425.7463073730469,430.5199890136719,432.4100036621094,427.1300048828125,430.0899963378906,18073700
2024-05-23,422.26531982421875,427.0,433.6000061035156,425.4200134277344,432.9700012207031,17211700
2024-05-24,425.3902893066406,430.1600036621094,431.05999755859375,424.4100036621094,427.19000244140625,11855300
2024-05-28,425.54852294921875,430.32000732421875,430.82000732421875,426.6000061035156,429.6300048828125,15718000
2024-05-29,424.41131591796875,429.1700134277344,430.94000244140625,425.69000244140625,425.69000244140625,15517100
2024-05-30,410.0720520019531,414.6700134277344,424.29998779296875,414.239990234375,424.29998779296875,28394500
2024-05-31,410.5269470214844,415.1300048828125,416.75,404.510009765625,416.75,47995300
2024-06-03,408.934814453125,413.5199890136719,416.42999267578125,408.9200134277344,415.5299987792969,17484700
2024-06-04,411.4565124511719,416.07000732421875,416.44000244140625,409.67999267578125,412.42999267578125,14348900
2024-06-05,419.3085021972656,424.010009765625,424.0799865722656,416.29998779296875,417.80999755859375,16988000
2024-06-06,419.81280517578125,424.5199890136719,425.30999755859375,420.5799865722656,424.010009765625,14861300
2024-06-07,419.1502380371094,423.8500061035156,426.2799987792969,423.0,426.20001220703125,13621700
2024-06-10,423.12567138671875,427.8699951171875,428.0799865722656,423.8900146484375,424.70001220703125,13982900
2024-06-11,427.8823547363281,432.67999267578125,432.82000732421875,425.25,425.4800109863281,14551100
2024-06-12,436.16943359375,441.05999755859375,443.3999938964844,433.25,435.32000732421875,22366200
2024-06-13,436.6836242675781,441.5799865722656,443.3900146484375,439.3699951171875,440.8500061035156,15960600
2024-06-14,437.6626892089844,442.57000732421875,443.1400146484375,436.7200012207031,438.2799987792969,13582000
2024-06-17,443.3983459472656,448.3699951171875,450.94000244140625,440.7200012207031,442.5899963378906,20790000
2024-06-18,441.3908996582031,446.3399963378906,450.1400146484375,444.8900146484375,449.7099914550781,17112500
2024-06-20,440.75799560546875,445.70001220703125,446.5299987792969,441.2699890136719,446.29998779296875,19877400
2024-06-21,444.7927551269531,449.7799987792969,450.5799865722656,446.510009765625,447.3800048828125,34187100
2024-06-24,442.7061462402344,447.6700134277344,452.75,446.4100036621094,449.79998779296875,15913700
2024-06-25,445.94976806640625,450.95001220703125,451.4200134277344,446.75,448.25,16413400
2024-06-26,447.1463623046875,452.1600036621094,453.6000061035156,448.19000244140625,449.0,16507000
2024-06-27,447.8287048339844,452.8500061035156,456.1700134277344,451.7699890136719,452.17999267578125,14806300
2024-06-28,441.9941101074219,446.95001220703125,455.3800048828125,446.4100036621094,453.07000732421875,28362300
2024-07-01,451.6656799316406,456.7300109863281,457.3699951171875,445.6600036621094,448.6600036621094,17662800
2024-07-02,454.1874084472656,459.2799987792969,459.5899963378906,453.1099853515625,453.20001220703125,13979800
2024-07-03,455.6608581542969,460.7699890136719,461.0199890136719,457.8800048828125,458.19000244140625,9932800
2024-07-05,462.3755798339844,467.55999755859375,468.3500061035156,458.9700012207031,459.6099853515625,16000300
2024-07-08,461.07025146484375,466.239990234375,467.70001220703125,464.4599914550781,466.54998779296875,12962300
2024-07-09,454.44451904296875,459.5400085449219,467.3299865722656,458.0,467.0,17207200
2024-07-10,461.0801086425781,466.25,466.4599914550781,458.8599853515625,461.2200012207031,18196100
2024-07-11,449.6582336425781,454.70001220703125,464.7799987792969,451.54998779296875,462.9800109863281,23111200
2024-07-12,448.52093505859375,453.54998779296875,456.3599853515625,450.6499938964844,454.3299865722656,16324300
2024-07-15,448.9263610839844,453.9599914550781,457.260009765625,451.42999267578125,453.29998779296875,14429400
2024-07-16,444.53564453125,449.5199890136719,454.29998779296875,446.6600036621094,454.2200012207031,17175700
2024-07-17,438.6021423339844,443.5199890136719,444.8500061035156,439.17999267578125,442.5899963378906,21778000
2024-07-18,435.48712158203125,440.3699951171875,444.6499938964844,434.3999938964844,444.3399963378906,20794800
2024-07-19,432.2632141113281,437.1099853515625,441.1400146484375,432.0,433.1000061035156,20940400
2024-07-22,438.0285949707031,442.94000244140625,444.6000061035156,438.9100036621094,441.7900085449219,15808800
2024-07-23,439.91741943359375,444.8500061035156,448.3900146484375,443.1000061035156,443.8999938964844,13107100
2024-07-24,424.1442565917969,428.8999938964844,441.4800109863281,427.5899963378906,440.45001220703125,26805800
2024-07-25,413.7607116699219,418.3999938964844,429.79998779296875,417.510009765625,428.79998779296875,29943800
2024-07-26,420.5544738769531,425.2699890136719,428.9200134277344,417.2699890136719,418.20001220703125,23583800
2024-07-29,421.9983215332031,426.7300109863281,432.1499938964844,424.70001220703125,431.5799865722656,15125800
2024-07-30,418.2305908203125,422.9200134277344,429.04998779296875,417.3599853515625,427.7200012207031,32687600
2024-07-31,413.7112731933594,418.3500061035156,421.7799987792969,412.2099914550781,420.5,42891400
2024-08-01,412.4849853515625,417.1099853515625,427.4599914550781,413.0899963378906,420.7900085449219,30296400
2024-08-02,403.9606018066406,408.489990234375,415.0,404.3399963378906,412.489990234375,29437900
2024-08-05,390.76849365234375,395.1499938964844,401.0400085449219,385.5799865722656,389.1700134277344,40709200
2024-08-06,395.17901611328125,399.6099853515625,405.6700134277344,398.5,400.0,24946500
2024-08-07,394.0120849609375,398.42999267578125,410.0799865722656,397.4700012207031,408.6400146484375,20650900
2024-08-08,398.224853515625,402.69000244140625,405.8599853515625,399.94000244140625,402.44000244140625,20203000
2024-08-09,401.5179748535156,406.0199890136719,408.04998779296875,402.260009765625,404.0299987792969,19276700
2024-08-12,402.2992248535156,406.80999755859375,408.760009765625,404.239990234375,407.05999755859375,16762900
2024-08-13,409.4193420410156,414.010009765625,414.95001220703125,409.57000732421875,409.5899963378906,19414300
2024-08-14,412.2377624511719,416.8599853515625,417.7200012207031,412.45001220703125,414.79998779296875,18267000
2024-08-15,417.1119689941406,421.0299987792969,421.1099853515625,417.6600036621094,419.79998779296875,20752100
2024-08-16,414.5758056640625,418.4700012207031,421.3399963378906,417.29998779296875,420.6000061035156,22775600
2024-08-19,417.6073303222656,421.5299987792969,421.75,416.4599914550781,418.9599914550781,15234000
2024-08-20,420.846923828125,424.79998779296875,425.8599853515625,421.6400146484375,421.70001220703125,16387600
2024-08-21,420.19305419921875,424.1400146484375,426.3999938964844,421.7200012207031,424.0799865722656,16067300
2024-08-22,411.6829833984375,415.54998779296875,426.7900085449219,414.6099853515625,424.3599853515625,19361900
2024-08-23,412.91143798828125,416.7900085449219,419.260009765625,412.0899963378906,416.9800109863281,18493800
2024-08-26,409.6421203613281,413.489990234375,417.2799987792969,411.3399963378906,416.3699951171875,13152800
2024-08-27,409.9888916015625,413.8399963378906,414.3599853515625,410.25,412.8599853515625,13492900
2024-08-28,406.779052734375,410.6000061035156,415.0,407.30999755859375,414.8800048828125,14882700
2024-08-29,409.2756042480469,413.1199951171875,422.04998779296875,410.6000061035156,414.94000244140625,17045200
2024-08-30,413.2581787109375,417.1400146484375,417.489990234375,412.1300048828125,415.6000061035156,24308300
2024-09-03,405.6298522949219,409.44000244140625,419.8800048828125,407.0299987792969,417.9100036621094,20313600
2024-09-04,405.0948791503906,408.8999938964844,411.239990234375,404.3699951171875,405.9100036621094,15135800
2024-09-05,404.589599609375,408.3900146484375,413.1000061035156,406.1300048828125,407.6199951171875,14195500
2024-09-06,397.9618835449219,401.70001220703125,410.6499938964844,400.79998779296875,409.05999755859375,19609500
2024-09-09,401.9444580078125,405.7200012207031,408.6499938964844,402.1499938964844,407.239990234375,15295100
2024-09-10,410.3455505371094,414.20001220703125,416.3299865722656,407.70001220703125,408.20001220703125,19594300
2024-09-11,419.1033020019531,423.0400085449219,423.989990234375,409.5799865722656,415.5,19266900
2024-09-12,423.02642822265625,427.0,427.3699951171875,419.75,423.30999755859375,17395700
2024-09-13,426.5830383300781,430.5899963378906,431.8299865722656,425.4599914550781,425.8299865722656,15874600
2024-09-16,427.3260498046875,431.3399963378906,433.5299987792969,428.2200012207031,430.6000061035156,13834700
2024-09-17,431.1005859375,435.1499938964844,441.8500061035156,432.2699890136719,440.2300109863281,18874200
2024-09-18,426.8009948730469,430.80999755859375,436.0299987792969,430.4100036621094,435.0,18898000
2024-09-19,434.607666015625,438.69000244140625,441.5,436.8999938964844,441.2300109863281,21706600
2024-09-20,431.219482421875,435.2699890136719,439.239990234375,434.2200012207031,437.2200012207031,55167100
2024-09-23,429.4758605957031,433.510009765625,436.4599914550781,430.3900146484375,434.2799987792969,15128900
2024-09-24,425.17626953125,429.1700134277344,433.3500061035156,426.1000061035156,433.0,17015800
2024-09-25,428.0888977050781,432.1099853515625,433.1199951171875,428.57000732421875,429.8299865722656,13396400
2024-09-26,427.29632568359375,431.30999755859375,435.29998779296875,429.1300048828125,435.0899963378906,14492000
2024-09-27,424.0368957519531,428.0199890136719,431.8500061035156,427.4700012207031,431.5199890136719,14896100
2024-09-30,426.29571533203125,430.29998779296875,430.4200134277344,425.3699951171875,428.2099914550781,16807300
2024-10-01,416.775146484375,420.69000244140625,428.4800109863281,418.80999755859375,428.45001220703125,19092900
2024-10-02,413.248291015625,417.1300048828125,422.82000732421875,416.7099914550781,422.5799865722656,16582300
2024-10-03,412.6637878417969,416.5400085449219,419.54998779296875,414.2900085449219,417.6300048828125,13686400
2024-10-04,412.1882629394531,416.05999755859375,419.75,414.9700012207031,418.239990234375,19169700
2024-10-07,405.7289123535156,409.5400085449219,417.1099853515625,409.0,416.0,20919800
2024-10-08,410.8507995605469,414.7099914550781,415.6600036621094,408.1700134277344,410.8999938964844,19229300
2024-10-09,413.5751953125,417.4599914550781,420.3800048828125,414.29998779296875,415.8599853515625,14974300
2024-10-10,411.9703063964844,415.8399963378906,417.3500061035156,413.1499938964844,415.2300109863281,13848400
2024-10-11,412.44580078125,416.32000732421875,417.1300048828125,413.25,416.1400146484375,14144900
2024-10-14,415.2395935058594,419.1400146484375,424.0400085449219,417.5199890136719,417.7699890136719,16653100
2024-10-15,414.8432922363281,418.739990234375,422.4800109863281,415.260009765625,422.17999267578125,18900200
2024-10-16,412.2476806640625,416.1199951171875,416.3599853515625,410.4800109863281,415.1700134277344,15508900
2024-10-17,412.84210205078125,416.7200012207031,422.5,415.5899963378906,422.3599853515625,14820000
2024-10-18,414.2687072753906,418.1600036621094,419.6499938964844,416.260009765625,417.1400146484375,17145300
2024-10-21,414.8829040527344,418.7799987792969,418.9599914550781,413.75,416.1199951171875,14206100
2024-10-22,423.5317077636719,427.510009765625,430.5799865722656,418.0400085449219,418.489990234375,25482200
2024-10-23,420.6487731933594,424.6000061035156,431.0799865722656,422.5299987792969,430.8599853515625,19654400
2024-10-24,420.7775573730469,424.7300109863281,425.9800109863281,422.3999938964844,425.3299865722656,13581600
2024-10-25,424.16571044921875,428.1499938964844,432.5199890136719,426.57000732421875,426.760009765625,16899100
2024-10-28,422.6202392578125,426.5899963378906,431.94000244140625,426.29998779296875,431.6600036621094,14882400
2024-10-29,427.93035888671875,431.95001220703125,433.1700134277344,425.79998779296875,428.0,17644100
2024-10-30,428.5049743652344,432.5299987792969,438.5,432.1000061035156,437.44000244140625,29749100
2024-10-31,402.568603515625,406.3500061035156,416.1600036621094,406.29998779296875,415.3599853515625,53971000
2024-11-01,406.5511779785156,410.3699951171875,415.5,407.5,409.010009765625,24230400
2024-11-04,404.6589660644531,408.4599914550781,410.4200134277344,405.57000732421875,409.79998779296875,19672300
2024-11-05,407.63104248046875,411.4599914550781,414.8999938964844,408.0799865722656,408.3699951171875,17626000
2024-11-06,416.2698669433594,420.17999267578125,420.45001220703125,410.5199890136719,412.4200134277344,26681800
2024-11-07,421.47100830078125,425.42999267578125,426.8500061035156,419.8800048828125,421.2799987792969,19901800
2024-11-08,418.60791015625,422.5400085449219,426.5,421.7799987792969,425.32000732421875,16891400
2024-11-11,414.1200866699219,418.010009765625,424.80999755859375,416.0,422.5199890136719,24503300
2024-11-12,419.0933532714844,423.0299987792969,424.44000244140625,417.20001220703125,418.25,19401200
2024-11-13,421.2431640625,425.20001220703125,429.3299865722656,418.2099914550781,421.6400146484375,21502200
2024-11-14,422.91748046875,426.8900146484375,428.1700134277344,420.0,425.0,30246900
2024-11-15,411.1380920410156,415.0,422.79998779296875,413.6400146484375,419.82000732421875,28247600
2024-11-18,411.89105224609375,415.760009765625,418.3999938964844,412.1000061035156,414.8699951171875,24727000
2024-11-19,413.9021301269531,417.7900085449219,417.94000244140625,411.54998779296875,413.1099853515625,18133500
2024-11-20,411.6235046386719,415.489990234375,417.2900085449219,410.5799865722656,416.8699951171875,19191700
2024-11-21,409.84661865234375,412.8699951171875,419.7799987792969,410.2900085449219,419.5,20780200
2024-11-22,413.9464111328125,417.0,417.3999938964844,411.05999755859375,411.3699951171875,24814600
2024-11-25,415.7232971191406,418.7900085449219,421.0799865722656,414.8500061035156,418.3800048828125,27691100
2024-11-26,424.8559265136719,427.989990234375,429.0400085449219,418.8500061035156,419.5899963378906,23458900
2024-11-27,419.8925476074219,422.989990234375,427.2300109863281,422.0199890136719,425.1099853515625,18332400
2024-11-29,420.3591003417969,423.4599914550781,424.8800048828125,417.79998779296875,420.0899963378906,16271900
2024-12-02,427.8240661621094,430.9800109863281,433.0,421.30999755859375,421.57000732421875,20207200
2024-12-03,428.04241943359375,431.20001220703125,432.4700012207031,427.739990234375,429.8399963378906,18302000
2024-12-04,434.2168884277344,437.4200134277344,439.6700134277344,432.6300048828125,433.0299987792969,26009400
2024-12-05,439.3787536621094,442.6199951171875,444.6600036621094,436.1700134277344,437.9200134277344,21697800
2024-12-06,440.3218078613281,443.57000732421875,446.1000061035156,441.7699890136719,442.29998779296875,18821000
2024-12-09,442.75384521484375,446.0199890136719,448.3299865722656,440.5,442.6000061035156,19144400
2024-12-10,440.0835876464844,443.3299865722656,449.6199951171875,441.6000061035156,444.3900146484375,18469500
2024-12-11,445.7021484375,448.989990234375,450.3500061035156,444.04998779296875,444.04998779296875,19200200
2024-12-12,446.2679748535156,449.55999755859375,456.1600036621094,449.1099853515625,449.1099853515625,20834800
2024-12-13,443.9947204589844,447.2699890136719,451.42999267578125,445.5799865722656,448.44000244140625,20177800
2024-12-16,448.2831115722656,451.5899963378906,452.17999267578125,445.2799987792969,447.2699890136719,23598800
2024-12-17,451.132080078125,454.4599914550781,455.2900085449219,449.57000732421875,451.010009765625,22733500
2024-12-18,434.1871337890625,437.3900146484375,452.6499938964844,437.0199890136719,451.32000732421875,24444500
2024-12-19,433.8297119140625,437.0299987792969,443.17999267578125,436.32000732421875,441.6199951171875,22963700
2024-12-20,433.40289306640625,436.6000061035156,443.739990234375,428.6300048828125,433.1099853515625,64263700
2024-12-23,432.0627746582031,435.25,437.6499938964844,432.8299865722656,436.739990234375,19152500
2024-12-24,436.11285400390625,439.3299865722656,439.6000061035156,434.19000244140625,434.6499938964844,7164500
2024-12-26,434.9018249511719,438.1099853515625,440.94000244140625,436.6300048828125,439.0799865722656,8194200
2024-12-27,427.3773193359375,430.5299987792969,435.2200012207031,426.3500061035156,434.6000061035156,18117700
2024-12-30,421.7190246582031,424.8299865722656,427.54998779296875,421.8999938964844,426.05999755859375,13158700
