Date,Adj Close_NVDA,Close_NVDA,High_NVDA,Low_NVDA,Open_NVDA,Volume_NVDA
2022-01-03,30.062767028808594,30.121000289916992,30.711000442504883,29.78499984741211,29.815000534057617,391547000
2022-01-04,29.23337745666504,29.290000915527344,30.468000411987305,28.349000930786133,30.277000427246094,527154000
2022-01-05,27.55063247680664,27.604000091552734,29.416000366210938,27.533000946044922,28.948999404907227,498064000
2022-01-06,28.12352180480957,28.17799949645996,28.437999725341797,27.065000534057617,27.639999389648438,454186000
2022-01-07,27.194324493408203,27.246999740600586,28.422000885009766,27.05699920654297,28.141000747680664,409939000
2022-01-10,27.347026824951172,27.399999618530273,27.4689998626709,25.643999099731445,26.58099937438965,594681000
2022-01-11,27.763225555419922,27.816999435424805,28.065000534057617,26.839000701904297,27.322999954223633,404089000
2022-01-12,27.94486427307129,27.999000549316406,28.594999313354492,27.607999801635742,28.066999435424805,383413000
2022-01-13,26.523622512817383,26.575000762939453,28.479999542236328,26.49799919128418,28.378999710083008,540171000
2022-01-14,26.889909744262695,26.941999435424805,27.19700050354004,26.209999084472656,26.299999237060547,395832000
2022-01-18,25.85291862487793,25.902999877929688,26.63800048828125,25.770000457763672,26.260000228881836,424270000
2022-01-19,25.018535614013672,25.066999435424805,26.542999267578125,25.052000045776367,26.07900047302246,488315000
2022-01-20,24.10330581665039,24.149999618530273,25.57900047302246,24.077999114990234,25.304000854492188,435181000
2022-01-21,23.32880973815918,23.374000549316406,24.822999954223633,23.26300048828125,23.506999969482422,718958000
2022-01-24,23.326812744140625,23.371999740600586,23.3799991607666,20.88800048828125,22.329999923706055,913982000
2022-01-25,22.280839920043945,22.323999404907227,22.94300079345703,22.0,22.54599952697754,664616000
2022-01-26,22.727975845336914,22.77199935913086,24.05699920654297,22.299999237060547,23.239999771118164,755959000
2022-01-27,21.901575088500977,21.944000244140625,23.9950008392334,21.674999237060547,23.56800079345703,573353000
2022-01-28,22.795841217041016,22.84000015258789,22.857999801635742,21.29599952697754,22.011999130249023,543774000
2022-01-31,24.43865966796875,24.486000061035156,24.509000778198242,23.052000045776367,23.18199920654297,564680000
2022-02-01,24.59036636352539,24.63800048828125,25.145000457763672,23.889999389648438,25.104000091552734,518925000
2022-02-02,25.193199157714844,25.242000579833984,25.816999435424805,24.55299949645996,25.79400062561035,543419000
2022-02-03,23.901697158813477,23.947999954223633,25.07699966430664,23.780000686645508,24.45800018310547,410178000
2022-02-04,24.271982192993164,24.319000244140625,24.635000228881836,23.631999969482422,23.972000122070312,354829000
2022-02-07,24.680191040039062,24.72800064086914,25.18199920654297,24.20199966430664,24.371999740600586,376868000
2022-02-08,25.059457778930664,25.107999801635742,25.229999542236328,23.979999542236328,24.358999252319336,410359000
2022-02-09,26.653369903564453,26.704999923706055,26.725000381469727,25.35300064086914,25.621999740600586,524282000
2022-02-10,25.77407455444336,25.823999404907227,26.924999237060547,25.600000381469727,25.9950008392334,513200000
2022-02-11,23.902694702148438,23.948999404907227,26.152000427246094,23.773000717163086,25.916000366210938,605472000
2022-02-14,24.220081329345703,24.267000198364258,24.875,23.7549991607666,23.93400001525879,440424000
2022-02-15,26.443775177001953,26.4950008392334,26.545000076293945,24.784000396728516,24.948999404907227,699869000
2022-02-16,26.459745407104492,26.51099967956543,26.582000732421875,25.552000045776367,26.259000778198242,732676000
2022-02-17,24.459617614746094,24.506999969482422,25.78499984741211,24.165000915527344,25.6299991607666,810595000
2022-02-18,23.596290588378906,23.642000198364258,24.986000061035156,23.100000381469727,24.667999267578125,761255000
2022-02-22,23.34477996826172,23.389999389648438,24.06399917602539,23.0,23.03499984741211,633422000
2022-02-23,22.343713760375977,22.386999130249023,24.155000686645508,22.301000595092773,23.802000045776367,566511000
2022-02-24,23.70208740234375,23.74799919128418,23.799999237060547,20.889999389648438,21.014999389648438,735801000
2022-02-25,24.110294342041016,24.156999588012695,24.216999053955078,23.381000518798828,23.72100067138672,528866000
2022-02-28,24.33785629272461,24.385000228881836,24.665000915527344,23.707000732421875,23.992000579833984,477319000
2022-03-01,23.431608200073242,23.476999282836914,24.37700080871582,23.131999969482422,24.291000366210938,412056000
2022-03-02,24.177291870117188,24.219999313354492,24.409000396728516,23.415000915527344,23.756000518798828,389642000
2022-03-03,23.67218780517578,23.714000701904297,24.326000213623047,23.4689998626709,24.261999130249023,365095000
2022-03-04,22.895559310913086,22.93600082397461,23.68000030517578,22.48200035095215,23.384000778198242,431415000
2022-03-07,21.314350128173828,21.351999282836914,23.033000946044922,21.329999923706055,22.816999435424805,450821000
2022-03-08,21.476064682006836,21.513999938964844,22.37299919128418,20.649999618530273,21.30900001525879,557467000
2022-03-09,22.973421096801758,23.013999938964844,23.219999313354492,22.246999740600586,22.386999130249023,492742000
2022-03-10,22.618045806884766,22.658000946044922,22.788000106811523,21.881999969482422,22.5310001373291,428066000
2022-03-11,22.061031341552734,22.100000381469727,23.145000457763672,22.04599952697754,23.02199935913086,367209000
2022-03-14,21.292390823364258,21.329999923706055,22.261999130249023,21.159000396728516,21.868999481201172,385354000
2022-03-15,22.932493209838867,22.972999572753906,23.038000106811523,21.32200050354004,21.51799964904785,491996000
2022-03-16,24.45280647277832,24.496000289916992,24.597000122070312,23.172000885009766,23.5,671422000
2022-03-17,24.722332000732422,24.766000747680664,24.841999053955078,23.9060001373291,24.1200008392334,471941000
2022-03-18,26.406352996826172,26.452999114990234,26.569000244140625,24.624000549316406,24.798999786376953,730719000
2022-03-21,26.686861038208008,26.733999252319336,27.152000427246094,25.966999053955078,26.506999969482422,591727000
2022-03-22,26.477230072021484,26.52400016784668,27.238000869750977,26.07200050354004,26.726999282836914,547007000
2022-03-23,25.58880043029785,25.634000778198242,26.61199951171875,25.575000762939453,26.125999450683594,502120000
2022-03-24,28.100364685058594,28.149999618530273,28.31999969482422,25.906999588012695,26.166000366210938,877379000
2022-03-25,27.64316749572754,27.691999435424805,28.357999801635742,27.270999908447266,27.88599967956543,579016000
2022-03-28,28.169240951538086,28.2189998626709,28.25,27.20599937438965,27.756000518798828,425494000
2022-03-29,28.605470657348633,28.6560001373291,28.945999145507812,27.979999542236328,28.69499969482422,488984000
2022-03-30,27.641172409057617,27.690000534057617,28.496000289916992,27.503000259399414,28.304000854492188,463487000
2022-03-31,27.237884521484375,27.285999298095703,28.24799919128418,27.270000457763672,27.781999588012695,523440000
2022-04-01,26.664899826049805,26.711999893188477,27.496000289916992,26.267000198364258,27.375,517235000
2022-04-04,27.31175422668457,27.360000610351562,27.558000564575195,26.613000869750977,26.72800064086914,397120000
2022-04-05,25.88527488708496,25.930999755859375,27.319000244140625,25.81999969482422,27.253999710083008,436615000
2022-04-06,24.363962173461914,24.406999588012695,25.299999237060547,24.003000259399414,24.93400001525879,703833000
2022-04-07,24.165313720703125,24.20800018310547,24.722000122070312,23.47800064086914,24.44099998474121,557992000
2022-04-08,23.07823371887207,23.118999481201172,23.92300033569336,23.062000274658203,23.91699981689453,524781000
2022-04-11,21.878355026245117,21.91699981689453,22.31999969482422,21.65999984741211,22.214000701904297,575207000
2022-04-12,21.46608543395996,21.503999710083008,22.725000381469727,21.281999588012695,22.53700065612793,662258000
2022-04-13,22.163846969604492,22.202999114990234,22.5,21.454999923706055,21.72800064086914,516943000
2022-04-14,21.22051429748535,21.257999420166016,22.777000427246094,21.163000106811523,22.5049991607666,569097000
2022-04-18,21.74458885192871,21.783000946044922,22.08799934387207,21.07900047302246,21.200000762939453,525701000
2022-04-19,22.158859252929688,22.197999954223633,22.37299919128418,21.31399917602539,21.719999313354492,512781000
2022-04-20,21.444120407104492,21.48200035095215,22.670000076293945,21.200000762939453,22.517000198364258,468974000
2022-04-21,20.147409439086914,20.183000564575195,22.392000198364258,20.0,21.708999633789062,656209000
2022-04-22,19.480588912963867,19.514999389648438,20.486000061035156,19.5,20.30299949645996,624713000
2022-04-25,19.866907119750977,19.902000427246094,19.94499969482422,19.09600067138672,19.20199966430664,641566000
2022-04-26,18.754871368408203,18.788000106811523,19.788000106811523,18.670000076293945,19.718000411987305,653143000
2022-04-27,18.38252830505371,18.415000915527344,19.16699981689453,18.290000915527344,18.597999572753906,499460000
2022-04-28,19.747119903564453,19.781999588012695,20.03700065612793,18.489999771118164,18.966999053955078,570327000
2022-04-29,18.514293670654297,18.547000885009766,20.128000259399414,18.517000198364258,19.402000427246094,500435000
2022-05-02,19.49856185913086,19.533000946044922,19.573999404907227,18.391000747680664,18.541000366210938,572049000
2022-05-03,19.567434310913086,19.601999282836914,19.825000762939453,19.132999420166016,19.399999618530273,475751000
2022-05-04,20.29814910888672,20.333999633789062,20.399999618530273,18.750999450683594,19.92300033569336,648855000
2022-05-05,18.81077003479004,18.8439998626709,19.924999237060547,18.5,19.867000579833984,626331000
2022-05-06,18.642070770263672,18.674999237060547,19.511999130249023,17.989999771118164,18.736000061035156,633297000
2022-05-09,16.920116424560547,16.950000762939453,18.2549991607666,16.82699966430664,18.034000396728516,644455000
2022-05-10,17.56397247314453,17.594999313354492,18.197999954223633,17.024999618530273,17.68899917602539,761474000
2022-05-11,16.60067367553711,16.6299991607666,17.753000259399414,16.56800079345703,17.347000122070312,670167000
2022-05-12,16.1464786529541,16.174999237060547,16.788000106811523,15.567000389099121,16.2189998626709,708728000
2022-05-13,17.67477798461914,17.70599937438965,17.92799949645996,16.593000411987305,16.788000106811523,670437000
2022-05-16,17.233558654785156,17.263999938964844,17.788000106811523,17.106000900268555,17.509000778198242,521446000
2022-05-17,18.144948959350586,18.177000045776367,18.371000289916992,17.634000778198242,18.073999404907227,585830000
2022-05-18,16.90813446044922,16.937999725341797,18.118000030517578,16.86400032043457,17.704999923706055,545161000
2022-05-19,17.09380340576172,17.124000549316406,17.687000274658203,16.733999252319336,16.937000274658203,621310000
2022-05-20,16.664560317993164,16.694000244140625,17.40999984741211,15.755000114440918,17.332000732421875,739105000
2022-05-23,16.86820411682129,16.898000717163086,16.915000915527344,16.179000854492188,16.27400016784668,639889000
2022-05-24,16.125513076782227,16.15399932861328,16.597000122070312,15.779999732971191,16.510000228881836,588550000
2022-05-25,16.945070266723633,16.975000381469727,17.111000061035156,16.0,16.020000457763672,781132000
2022-05-26,17.819522857666016,17.85099983215332,18.091999053955078,16.02199935913086,16.035999298095703,996575000
2022-05-27,18.777833938598633,18.81100082397461,18.881000518798828,18.100000381469727,18.18600082397461,738379000
2022-05-31,18.639076232910156,18.672000885009766,19.200000762939453,18.350000381469727,18.979999542236328,664100000
2022-06-01,18.287696838378906,18.31999969482422,19.05299949645996,18.121999740600586,18.724000930786133,544514000
2022-06-02,19.557449340820312,19.591999053955078,19.618999481201172,18.197999954223633,18.29199981689453,648656000
2022-06-03,18.68699073791504,18.719999313354492,19.332000732421875,18.52199935913086,19.082000732421875,598779000
2022-06-06,18.75287437438965,18.785999298095703,19.336999893188477,18.56399917602539,19.138999938964844,422406000
2022-06-07,18.892627716064453,18.926000595092773,19.0,18.187999725341797,18.472000122070312,388914000
2022-06-08,18.61905288696289,18.648000717163086,19.18000030517578,18.53499984741211,18.798999786376953,363252000
2022-06-09,18.01998519897461,18.04800033569336,18.933000564575195,18.041000366210938,18.481000900268555,395574000
2022-06-10,16.947654724121094,16.974000930786133,17.69700050354004,16.868999481201172,17.600000381469727,465248000
2022-06-13,15.622712135314941,15.647000312805176,16.312000274658203,15.605999946594238,16.0,604153000
2022-06-14,15.811419486999512,15.836000442504883,16.06599998474121,15.411999702453613,15.730999946594238,469680000
2022-06-15,16.5013427734375,16.527000427246094,16.868000030517578,15.925999641418457,16.094999313354492,563936000
2022-06-16,15.576784133911133,15.60099983215332,15.942000389099121,15.401000022888184,15.859999656677246,545749000
2022-06-17,15.85534954071045,15.880000114440918,15.994999885559082,15.32800006866455,15.64799976348877,630334000
2022-06-21,16.540287017822266,16.56599998474121,17.007999420166016,16.406999588012695,16.475000381469727,483089000
2022-06-22,16.334606170654297,16.360000610351562,16.66200065612793,16.18000030517578,16.22599983215332,437135000
2022-06-23,16.199810028076172,16.225000381469727,16.584999084472656,15.852999687194824,16.518999099731445,463680000
2022-06-24,17.099414825439453,17.125999450683594,17.139999389648438,16.309999465942383,16.5,472153000
2022-06-27,16.842817306518555,16.868999481201172,17.329999923706055,16.625999450683594,17.312000274658203,427968000
2022-06-28,15.957193374633789,15.982000350952148,17.20199966430664,15.944999694824219,16.899999618530273,461149000
2022-06-29,15.517875671386719,15.541999816894531,15.819999694824219,15.170000076293945,15.814000129699707,482352000
2022-06-30,15.135470390319824,15.159000396728516,15.567000389099121,14.862000465393066,15.361000061035156,686070000
2022-07-01,14.500456809997559,14.52299976348877,15.062999725341797,14.392000198364258,14.89900016784668,577610000
2022-07-05,14.940771102905273,14.96399974822998,14.970999717712402,14.055000305175781,14.175000190734863,651397000
2022-07-06,15.106513977050781,15.130000114440918,15.319000244140625,14.788999557495117,15.010000228881836,529066000
2022-07-07,15.83338451385498,15.857999801635742,15.944999694824219,15.388999938964844,15.456000328063965,492903000
2022-07-08,15.813413619995117,15.838000297546387,16.03700065612793,15.388999938964844,15.430000305175781,467972000
2022-07-11,15.128480911254883,15.152000427246094,15.527000427246094,15.038000106811523,15.526000022888184,437321000
2022-07-12,15.058588027954102,15.081999778747559,15.430999755859375,14.876999855041504,15.267999649047852,458483000
2022-07-13,15.140460014343262,15.163999557495117,15.375,14.46500015258789,14.59000015258789,521918000
2022-07-14,15.348136901855469,15.371999740600586,15.472999572753906,14.727999687194824,15.107999801635742,456235000
2022-07-15,15.737533569335938,15.76200008392334,15.781999588012695,15.444999694824219,15.659000396728516,385935000
2022-07-18,16.07600975036621,16.10099983215332,16.89699935913086,16.00200080871582,16.302000045776367,670517000
2022-07-19,16.965620040893555,16.992000579833984,17.110000610351562,16.172000885009766,16.486000061035156,702366000
2022-07-20,17.779356002807617,17.80699920654297,17.933000564575195,16.801000595092773,16.94700050354004,760538000
2022-07-21,18.021982192993164,18.049999237060547,18.143999099731445,17.545000076293945,17.885000228881836,557049000
2022-07-22,17.292116165161133,17.319000244140625,17.966999053955078,17.136999130249023,17.89299964904785,536671000
2022-07-25,16.997573852539062,17.02400016784668,17.124000549316406,16.64900016784668,17.018999099731445,480748000
2022-07-26,16.507339477539062,16.533000946044922,16.91900062561035,16.47800064086914,16.888999938964844,397865000
2022-07-27,17.762386322021484,17.790000915527344,17.93600082397461,16.913000106811523,17.031999588012695,569776000
2022-07-28,17.956085205078125,17.983999252319336,18.139999389648438,17.440000534057617,17.975000381469727,474646000
2022-07-29,18.134811401367188,18.163000106811523,18.243999481201172,17.691999435424805,17.812999725341797,435460000
2022-08-01,18.412376403808594,18.44099998474121,18.84600067138672,17.989999771118164,18.18199920654297,476469000
2022-08-02,18.497238159179688,18.525999069213867,18.937999725341797,18.091999053955078,18.121999740600586,489527000
2022-08-03,18.863672256469727,18.89299964904785,18.968000411987305,18.136999130249023,18.18400001525879,418146000
2022-08-04,19.185171127319336,19.21500015258789,19.27400016784668,18.760000228881836,18.849000930786133,409652000
2022-08-05,18.959524154663086,18.98900032043457,19.229000091552734,18.666000366210938,18.809999465942383,386068000
2022-08-08,17.765378952026367,17.792999267578125,18.23900032043457,17.242000579833984,17.50200080871582,981859000
2022-08-09,17.059478759765625,17.086000442504883,17.44700050354004,16.724000930786133,17.25200080871582,668263000
2022-08-10,18.068912506103516,18.097000122070312,18.118000030517578,17.316999435424805,17.697999954223633,597422000
2022-08-11,17.914146423339844,17.941999435424805,18.707000732421875,17.875999450683594,18.131000518798828,509327000
2022-08-12,18.679954528808594,18.708999633789062,18.718000411987305,17.952999114990234,18.15999984741211,478094000
2022-08-15,19.002458572387695,19.031999588012695,19.163999557495117,18.613000869750977,18.701000213623047,457666000
2022-08-16,18.849693298339844,18.878999710083008,19.142000198364258,18.500999450683594,18.920000076293945,451240000
2022-08-17,18.30653953552246,18.334999084472656,18.687999725341797,18.145000457763672,18.523000717163086,446799000
2022-08-18,18.74386215209961,18.773000717163086,18.864999771118164,18.183000564575195,18.301000595092773,415447000
2022-08-19,17.82129669189453,17.849000930786133,18.520000457763672,17.770000457763672,18.4060001373291,441588000
2022-08-22,17.0075626373291,17.034000396728516,17.558000564575195,16.965999603271484,17.489999771118164,409593000
2022-08-23,17.154329299926758,17.180999755859375,17.46500015258789,16.969999313354492,16.98900032043457,369986000
2022-08-24,17.195268630981445,17.222000122070312,17.4060001373291,16.895000457763672,17.011999130249023,522661000
2022-08-25,17.885196685791016,17.913000106811523,17.94700050354004,16.83300018310547,16.8439998626709,770691000
2022-08-26,16.23476219177246,16.260000228881836,17.923999786376953,16.23699951171875,17.85700035095215,769127000
2022-08-29,15.776472091674805,15.800999641418457,16.33799934387207,15.767000198364258,16.020000457763672,496132000
2022-08-30,15.443988800048828,15.468000411987305,16.038999557495117,15.182000160217285,15.960000038146973,530181000
2022-08-31,15.070570945739746,15.093999862670898,15.539999961853027,14.958999633789062,15.383999824523926,573710000
2022-09-01,13.915366172790527,13.937000274658203,14.380000114440918,13.270000457763672,14.208999633789062,1178865000
2022-09-02,13.62581729888916,13.647000312805176,14.170999526977539,13.590999603271484,14.100000381469727,743157000
2022-09-06,13.444099426269531,13.46500015258789,13.779000282287598,13.35099983215332,13.730999946594238,535751000
2022-09-07,13.696781158447266,13.71399974822998,13.838000297546387,13.345999717712402,13.562999725341797,512657000
2022-09-08,13.972434043884277,13.989999771118164,14.008000373840332,13.369000434875488,13.458999633789062,624873000
2022-09-09,14.368937492370605,14.38700008392334,14.473999977111816,14.12600040435791,14.156999588012695,486612000
2022-09-12,14.486786842346191,14.505000114440918,14.54699993133545,14.197999954223633,14.369000434875488,484159000
2022-09-13,13.114511489868164,13.130999565124512,13.92199993133545,13.098999977111816,13.802000045776367,714956000
2022-09-14,13.111517906188965,13.128000259399414,13.289999961853027,12.913000106811523,13.253999710083008,588507000
2022-09-15,12.912769317626953,12.928999900817871,13.232999801635742,12.789999961853027,13.015000343322754,523625000
2022-09-16,13.181428909301758,13.197999954223633,13.211999893188477,12.616999626159668,12.741999626159668,670751000
2022-09-19,13.36519718170166,13.381999969482422,13.463000297546387,13.010000228881836,13.01200008392334,569685000
2022-09-20,13.159455299377441,13.175999641418457,13.482999801635742,13.057000160217285,13.21500015258789,524818000
2022-09-21,13.244351387023926,13.26099967956543,14.031000137329102,13.109999656677246,13.213000297546387,807679000
2022-09-22,12.545228004455566,12.560999870300293,13.14900016784668,12.428000450134277,13.069999694824219,759162000
2022-09-23,12.500285148620605,12.515999794006348,12.611000061035156,12.256999969482422,12.420000076293945,663309000
2022-09-26,12.212647438049316,12.227999687194824,12.659000396728516,12.21399974822998,12.491000175476074,547343000
2022-09-27,12.397416114807129,12.413000106811523,12.736000061035156,12.258000373840332,12.506999969482422,553854000
2022-09-28,12.720008850097656,12.736000061035156,12.822999954223633,12.354000091552734,12.40999984741211,542414000
2022-09-29,12.204657554626465,12.220000267028809,12.5,11.946000099182129,12.447999954223633,532763000
2022-09-30,12.123758316040039,12.138999938964844,12.633000373840332,12.074999809265137,12.086999893188477,565638000
2022-10-03,12.496291160583496,12.51200008392334,12.678000450134277,12.104999542236328,12.347000122070312,547478000
2022-10-04,13.150466918945312,13.166999816894531,13.220000267028809,12.878999710083008,12.878999710083008,584182000
2022-10-05,13.192414283752441,13.208999633789062,13.321000099182129,12.621000289916992,12.91100025177002,507131000
2022-10-06,13.11351490020752,13.130000114440918,13.656000137329102,13.102999687194824,13.220000267028809,644157000
2022-10-07,12.06083869934082,12.076000213623047,12.670000076293945,12.022000312805176,12.505000114440918,672478000
2022-10-10,11.655346870422363,11.670000076293945,12.12399959564209,11.407999992370605,12.036999702453613,698699000
2022-10-11,11.571454048156738,11.586000442504883,11.845999717712402,11.282999992370605,11.560999870300293,667482000
2022-10-12,11.485563278198242,11.5,11.734999656677246,11.345000267028809,11.579000473022461,492590000
2022-10-13,11.944981575012207,11.960000038146973,12.07800006866455,10.812999725341797,10.970999717712402,850103000
2022-10-14,11.21290397644043,11.22700023651123,12.111000061035156,11.204000473022461,12.057000160217285,713432000
2022-10-17,11.873072624206543,11.887999534606934,11.947999954223633,11.517000198364258,11.517999649047852,580774000
2022-10-18,11.95197582244873,11.967000007629395,12.491999626159668,11.618000030517578,12.343999862670898,659362000
2022-10-19,12.035867691040039,12.050999641418457,12.350000381469727,11.833999633789062,11.878999710083008,523131000
2022-10-20,12.178689956665039,12.194000244140625,12.769000053405762,12.104999542236328,12.11299991607666,652398000
2022-10-21,12.450347900390625,12.465999603271484,12.498000144958496,11.88700008392334,12.097999572753906,609494000
2022-10-24,12.583181381225586,12.598999977111816,12.710000038146973,12.064000129699707,12.508000373840332,517457000
2022-10-25,13.244351387023926,13.26099967956543,13.300000190734863,12.663999557495117,12.694000244140625,505482000
2022-10-26,12.879806518554688,12.895999908447266,13.387999534606934,12.708000183105469,12.869000434875488,532953000
2022-10-27,13.159455299377441,13.175999641418457,13.838000297546387,13.121999740600586,13.630000114440918,583113000
2022-10-28,13.816631317138672,13.833999633789062,13.850000381469727,13.060999870300293,13.104000091552734,521040000
2022-10-31,13.480052947998047,13.496999740600586,13.838000297546387,13.29699993133545,13.777999877929688,486341000
2022-11-01,13.52599811553955,13.543000221252441,13.925000190734863,13.519000053405762,13.810999870300293,432817000
2022-11-02,13.20240306854248,13.218999862670898,14.210000038146973,13.211000442504883,13.850000381469727,672628000
2022-11-03,13.404147148132324,13.420999526977539,13.781000137329102,12.956000328063965,13.043000221252441,500065000
2022-11-04,14.138225555419922,14.156000137329102,14.229000091552734,13.696999549865723,13.986000061035156,612576000
2022-11-07,14.283044815063477,14.300999641418457,14.411999702453613,13.954000473022461,14.227999687194824,410061000
2022-11-08,14.58366584777832,14.60200023651123,14.890999794006348,14.215999603271484,14.800999641418457,595292000
2022-11-09,13.758703231811523,13.776000022888184,14.211000442504883,13.758999824523926,14.161999702453613,454414000
2022-11-10,15.730225563049316,15.75,15.77299976348877,14.54699993133545,14.800000190734863,700819000
2022-11-11,16.306501388549805,16.32699966430664,16.388999938964844,15.482000350952148,15.807000160217285,655487000
2022-11-14,16.274538040161133,16.295000076293945,16.540000915527344,15.92199993133545,16.218000411987305,527852000
2022-11-15,16.645076751708984,16.666000366210938,16.99799919128418,16.381999969482422,16.722000122070312,545876000
2022-11-16,15.890022277832031,15.90999984741211,16.36199951171875,15.873000144958496,16.16200065612793,649547000
2022-11-17,15.657317161560059,15.677000045776367,16.266000747680664,15.53499984741211,15.71500015258789,710894000
2022-11-18,15.389653205871582,15.409000396728516,16.00200080871582,15.119999885559082,15.965999603271484,492072000
2022-11-21,15.297768592834473,15.317000389099121,15.47700023651123,15.079999923706055,15.147000312805176,404739000
2022-11-22,16.01786231994629,16.038000106811523,16.058000564575195,15.121999740600586,15.32800006866455,472866000
2022-11-23,16.498258590698242,16.518999099731445,16.527000427246094,16.04800033569336,16.097999572753906,427241000
2022-11-25,16.24957275390625,16.270000457763672,16.48699951171875,16.172000885009766,16.31800079345703,167934000
2022-11-28,15.807126998901367,15.82699966430664,16.35700035095215,15.725000381469727,16.025999069213867,303741000
2022-11-29,15.619364738464355,15.638999938964844,15.932000160217285,15.520000457763672,15.82699966430664,298384000
2022-11-30,16.906070709228516,16.92300033569336,16.93000030517578,15.597000122070312,15.696999549865723,565298000
2022-12-01,17.11786460876465,17.135000228881836,17.264999389648438,16.635000228881836,16.999000549316406,470977000
2022-12-02,16.859121322631836,16.875999450683594,16.933000564575195,16.44499969482422,16.659000396728516,371389000
2022-12-05,16.593387603759766,16.610000610351562,16.9950008392334,16.472000122070312,16.679000854492188,352255000
2022-12-06,15.9710111618042,15.987000465393066,16.572999954223633,15.819000244140625,16.530000686645508,352694000
2022-12-07,16.1038818359375,16.1200008392334,16.18600082397461,15.666999816894531,15.772000312805176,372388000
2022-12-08,17.151830673217773,17.16900062561035,17.179000854492188,15.958999633789062,16.273000717163086,515456000
2022-12-09,16.983997344970703,17.000999450683594,17.58300018310547,16.975000381469727,17.15999984741211,465338000
2022-12-12,17.51746368408203,17.53499984741211,17.538000106811523,16.797000885009766,17.03700065612793,457328000
2022-12-13,18.053930282592773,18.07200050354004,18.790000915527344,17.711000442504883,18.5310001373291,656589000
2022-12-14,17.65632438659668,17.673999786376953,18.25200080871582,17.420000076293945,17.98699951171875,496888000
2022-12-15,16.93504524230957,16.95199966430664,17.31999969482422,16.700000762939453,17.145999908447266,478542000
2022-12-16,16.55443000793457,16.570999145507812,17.041000366210938,16.40999984741211,16.86400032043457,478232000
2022-12-19,16.237747192382812,16.253999710083008,16.608999252319336,16.145000457763672,16.57200050354004,354039000
2022-12-20,16.06891632080078,16.084999084472656,16.309999465942383,15.85200023651123,16.06399917602539,403260000
2022-12-21,16.484498977661133,16.500999450683594,16.62700080871582,16.101999282836914,16.11400032043457,325025000
2022-12-22,15.323657989501953,15.33899974822998,16.13800048828125,14.881999969482422,16.0939998626709,565045000
2022-12-23,15.190793991088867,15.206000328063965,15.33899974822998,14.883000373840332,15.196000099182129,349326000
2022-12-27,14.106879234313965,14.121000289916992,15.100000381469727,14.055999755859375,15.074000358581543,464902000
2022-12-28,14.021963119506836,14.03600025177002,14.26200008392334,13.883999824523926,13.927000045776367,351066000
2022-12-29,14.588395118713379,14.602999687194824,14.682999610900879,14.22700023651123,14.402000427246094,354923000
2022-12-30,14.599385261535645,14.61400032043457,14.628999710083008,14.232999801635742,14.333999633789062,310490000
2023-01-03,14.30068302154541,14.3149995803833,14.996000289916992,14.095999717712402,14.85099983215332,401277000
2023-01-04,14.734247207641602,14.74899959564209,14.852999687194824,14.241000175476074,14.567000389099121,431324000
2023-01-05,14.250734329223633,14.265000343322754,14.564000129699707,14.14799976348877,14.491000175476074,389168000
2023-01-06,14.844139099121094,14.859000205993652,15.010000228881836,14.034000396728516,14.473999977111816,405044000
2023-01-09,15.612370491027832,15.628000259399414,16.055999755859375,15.140999794006348,15.284000396728516,504231000
2023-01-10,15.89309024810791,15.909000396728516,15.961999893188477,15.472000122070312,15.506999969482422,384101000
2023-01-11,15.984997749328613,16.000999450683594,16.027999877929688,15.562999725341797,15.84000015258789,353285000
2023-01-12,16.49448585510254,16.51099967956543,16.636999130249023,15.491999626159668,16.100000381469727,551409000
2023-01-13,16.882099151611328,16.89900016784668,16.922000885009766,16.165000915527344,16.277999877929688,447287000
2023-01-17,17.684297561645508,17.70199966430664,17.72800064086914,16.89900016784668,16.89900016784668,511102000
2023-01-18,17.35962677001953,17.37700080871582,17.87299919128418,17.281999588012695,17.66699981689453,439624000
2023-01-19,16.748231887817383,16.764999389648438,17.19700050354004,16.731000900268555,17.035999298095703,452932000
2023-01-20,17.821163177490234,17.839000701904297,17.856000900268555,16.825000762939453,17.01099967956543,564967000
2023-01-23,19.173803329467773,19.19300079345703,19.2450008392334,17.81800079345703,18.06399917602539,655163000
2023-01-24,19.24573516845703,19.264999389648438,19.4950008392334,18.81999969482422,18.82699966430664,496204000
2023-01-25,19.30367660522461,19.322999954223633,19.3700008392334,18.579999923706055,18.913000106811523,449537000
2023-01-26,19.782194137573242,19.802000045776367,20.166000366210938,19.277999877929688,19.701000213623047,489535000
2023-01-27,20.344635009765625,20.364999771118164,20.628000259399414,19.405000686645508,19.461999893188477,542142000
2023-01-30,19.142837524414062,19.16200065612793,20.139999389648438,19.149999618530273,19.950000762939453,488611000
2023-01-31,19.517459869384766,19.53700065612793,19.687000274658203,18.950000762939453,19.170000076293945,498017000
2023-02-01,20.922056198120117,20.94300079345703,21.191999435424805,19.611000061035156,19.69099998474121,660477000
2023-02-02,21.687288284301758,21.708999633789062,21.948999404907227,20.700000762939453,21.0,564276000
2023-02-03,21.07889747619629,21.100000381469727,21.7450008392334,20.788999557495117,21.0,429366000
2023-02-06,21.06791114807129,21.089000701904297,21.56999969482422,20.785999298095703,20.805999755859375,452197000
2023-02-07,22.15082550048828,22.17300033569336,22.259000778198242,21.149999618530273,21.381999969482422,664150000
2023-02-08,22.182790756225586,22.204999923706055,22.878000259399414,22.007999420166016,22.386999130249023,559651000
2023-02-09,22.31465721130371,22.336999893188477,23.020000457763672,22.1200008392334,22.606000900268555,523876000
2023-02-10,21.243732452392578,21.264999389648438,22.077999114990234,20.81100082397461,21.690000534057617,550737000
2023-02-13,21.76620864868164,21.788000106811523,22.04800033569336,20.961999893188477,21.538000106811523,474919000
2023-02-14,22.94802474975586,22.97100067138672,23.048999786376953,21.365999221801758,21.577999114990234,675474000
2023-02-15,22.741233825683594,22.763999938964844,22.854999542236328,22.106000900268555,22.548999786376953,420575000
2023-02-16,21.979997634887695,22.00200080871582,22.549999237060547,21.927000045776367,22.132999420166016,412026000
2023-02-17,21.366609573364258,21.38800048828125,21.739999771118164,20.975000381469727,21.631000518798828,465888000
2023-02-21,20.63434600830078,20.655000686645508,21.493999481201172,20.618000030517578,21.0,410015000
2023-02-22,20.73324203491211,20.753999710083008,21.104000091552734,20.42099952697754,20.707000732421875,513184000
2023-02-23,23.64033317565918,23.663999557495117,23.88800048828125,23.024999618530273,23.440000534057617,1117995000
2023-02-24,23.262714385986328,23.285999298095703,23.474000930786133,22.94700050354004,23.225000381469727,589716000
2023-02-27,23.477495193481445,23.500999450683594,23.8799991607666,23.45400047302246,23.670000076293945,452994000
2023-02-28,23.192781448364258,23.215999603271484,23.825000762939453,23.20599937438965,23.371999740600586,455963000
2023-03-01,22.67530059814453,22.697999954223633,23.256000518798828,22.507999420166016,23.191999435424805,460026000
2023-03-02,23.29068374633789,23.31399917602539,23.3799991607666,22.43199920654297,22.488000869750977,389415000
2023-03-03,23.866107940673828,23.889999389648438,23.899999618530273,23.1299991607666,23.31999969482422,412393000
2023-03-06,23.530445098876953,23.554000854492188,24.24799919128418,23.48699951171875,23.891000747680664,437429000
2023-03-07,23.268665313720703,23.288000106811523,24.125,23.240999221801758,23.600000381469727,515154000
2023-03-08,24.16092300415039,24.180999755859375,24.200000762939453,23.423999786376953,23.48699951171875,513573000
2023-03-09,23.416540145874023,23.43600082397461,24.45400047302246,23.382999420166016,24.174999237060547,501257000
2023-03-10,22.94593048095703,22.96500015258789,23.62700080871582,22.72599983215332,23.409000396728516,474866000
2023-03-13,22.94692611694336,22.965999603271484,23.29800033569336,22.297000885009766,22.75200080871582,421890000
2023-03-14,24.043018341064453,24.062999725341797,24.2189998626709,23.459999084472656,23.496000289916992,474910000
2023-03-15,24.2078800201416,24.22800064086914,24.285999298095703,23.360000610351562,23.76099967956543,524486000
2023-03-16,25.519790649414062,25.541000366210938,25.58799934387207,23.893999099731445,24.027000427246094,583253000
2023-03-17,25.70363426208496,25.725000381469727,26.39900016784668,25.667999267578125,25.98200035095215,848547000
2023-03-20,25.87849235534668,25.899999618530273,26.02400016784668,25.1299991607666,25.614999771118164,432747000
2023-03-21,26.177242279052734,26.198999404907227,26.392000198364258,25.381000518798828,26.18000030517578,547408000
2023-03-22,26.446020126342773,26.468000411987305,27.589000701904297,26.23699951171875,26.424999237060547,797295000
2023-03-23,27.16842269897461,27.19099998474121,27.499000549316406,26.690000534057617,27.114999771118164,564889000
2023-03-24,26.756763458251953,26.77899932861328,27.16699981689453,26.354999542236328,27.0310001373291,454920000
2023-03-27,26.50896644592285,26.5310001373291,27.0,26.364999771118164,26.836999893188477,361026000
2023-03-28,26.388071060180664,26.40999984741211,26.51300048828125,25.850000381469727,26.44700050354004,356104000
2023-03-29,26.961593627929688,26.983999252319336,27.077999114990234,26.597000122070312,26.825000762939453,393694000
2023-03-30,27.360261917114258,27.382999420166016,27.499000549316406,27.101999282836914,27.229000091552734,364516000
2023-03-31,27.75393295288086,27.777000427246094,27.833999633789062,27.104999542236328,27.139999389648438,433933000
2023-04-03,27.94178009033203,27.96500015258789,28.0,27.336000442504883,27.509000778198242,398716000
2023-04-04,27.43020248413086,27.452999114990234,28.0,27.30699920654297,27.965999603271484,368592000
2023-04-05,26.858678817749023,26.881000518798828,26.99799919128418,26.395000457763672,26.82900047302246,515015000
2023-04-06,27.014549255371094,27.03700065612793,27.079999923706055,26.427000045776367,26.583999633789062,397654000
2023-04-10,27.55609703063965,27.57900047302246,27.621000289916992,26.66900062561035,26.822999954223633,395279000
2023-04-11,27.146440505981445,27.16900062561035,27.790000915527344,27.125999450683594,27.724000930786133,314378000
2023-04-12,26.472999572753906,26.4950008392334,27.468000411987305,26.447999954223633,27.3700008392334,446259000
2023-04-13,26.441024780273438,26.46299934387207,26.886999130249023,26.32900047302246,26.733999252319336,353615000
2023-04-14,26.73577880859375,26.757999420166016,26.882999420166016,26.219999313354492,26.503999710083008,395660000
2023-04-17,26.979576110839844,27.00200080871582,27.006000518798828,26.433000564575195,26.565000534057617,321471000
2023-04-18,27.644025802612305,27.66699981689453,28.110000610351562,27.35700035095215,27.533000946044922,604812000
2023-04-19,27.907806396484375,27.930999755859375,28.0,27.23200035095215,27.361000061035156,358660000
2023-04-20,27.08149528503418,27.104000091552734,28.030000686645508,27.0,27.67099952697754,427713000
2023-04-21,27.096477508544922,27.118999481201172,27.183000564575195,26.722000122070312,26.95199966430664,345103000
2023-04-24,27.019542694091797,27.04199981689453,27.365999221801758,26.67099952697754,27.01300048828125,339282000
2023-04-25,26.219205856323242,26.240999221801758,27.246999740600586,26.225000381469727,27.077999114990234,378527000
2023-04-26,26.933612823486328,26.95599937438965,27.329999923706055,26.704999923706055,27.00200080871582,406337000
2023-04-27,27.20339012145996,27.22599983215332,27.4950008392334,26.625,27.363000869750977,377161000
2023-04-28,27.725955963134766,27.749000549316406,27.757999420166016,27.070999145507812,27.225000381469727,292216000
2023-05-01,28.8859920501709,28.90999984741211,29.058000564575195,27.780000686645508,27.84000015258789,570329000
2023-05-02,28.186574935913086,28.209999084472656,28.836000442504883,28.08300018310547,28.68000030517578,402730000
2023-05-03,27.778915405273438,27.802000045776367,28.367000579833984,27.472000122070312,27.84000015258789,383387000
2023-05-04,27.539113998413086,27.562000274658203,27.858999252319336,27.239999771118164,27.650999069213867,321850000
2023-05-05,28.656187057495117,28.68000030517578,28.7549991607666,27.731000900268555,27.826000213623047,361494000
2023-05-08,29.12679100036621,29.150999069213867,29.219999313354492,28.350000381469727,28.52199935913086,344979000
2023-05-09,28.54727554321289,28.570999145507812,28.972999572753906,28.450000762939453,28.89900016784668,314869000
2023-05-10,28.86101531982422,28.885000228881836,29.113000869750977,28.461000442504883,29.0049991607666,369350000
2023-05-11,28.554269790649414,28.577999114990234,28.950000762939453,28.246000289916992,28.895999908447266,322149000
2023-05-12,28.316465377807617,28.34000015258789,28.780000686645508,28.04599952697754,28.52899932861328,274222000
2023-05-15,28.928956985473633,28.952999114990234,28.9689998626709,28.152000427246094,28.507999420166016,293926000
2023-05-16,29.188739776611328,29.21299934387207,29.8700008392334,28.832000732421875,28.840999603271484,449405000
2023-05-17,30.15294075012207,30.17799949645996,30.198999404907227,29.43000030517578,29.583999633789062,432535000
2023-05-18,31.651695251464844,31.67799949645996,31.827999114990234,30.31999969482422,30.40999984741211,748725000
2023-05-19,31.238039016723633,31.263999938964844,31.579999923706055,30.916000366210938,31.535999298095703,473908000
2023-05-22,31.15011215209961,31.176000595092773,31.520000457763672,30.68000030517578,30.900999069213867,372000000
2023-05-23,30.662517547607422,30.687999725341797,31.288000106811523,30.631000518798828,31.0,356253000
2023-05-24,30.51263999938965,30.538000106811523,30.60700035095215,29.805999755859375,30.209999084472656,721419000
2023-05-25,37.94845962524414,37.97999954223633,39.47999954223633,36.6349983215332,38.52299880981445,1543911000
2023-05-26,38.91366195678711,38.94599914550781,39.16999816894531,37.54999923706055,37.88999938964844,714397000
2023-05-30,40.07769012451172,40.111000061035156,41.9379997253418,39.94900131225586,40.595001220703125,923401000
2023-05-31,37.802581787109375,37.83399963378906,40.29499816894531,37.821998596191406,39.487998962402344,1002580000
2023-06-01,39.736976623535156,39.77000045776367,40.04999923706055,38.34000015258789,38.48899841308594,635873000
2023-06-02,39.294342041015625,39.32699966430664,40.5,39.05799865722656,40.09700012207031,482731000
2023-06-05,39.13847351074219,39.17100143432617,39.564998626708984,38.707000732421875,38.909000396728516,396094000
2023-06-06,38.62190246582031,38.65399932861328,39.15999984741211,38.14799880981445,38.83000183105469,388729000
2023-06-07,37.447750091552734,37.474998474121094,39.499000549316406,37.35599899291992,38.915000915527344,511998000
2023-06-08,38.48200225830078,38.5099983215332,38.86399841308594,37.505001068115234,37.7239990234375,417772000
2023-06-09,38.7418098449707,38.77000045776367,39.71099853515625,38.56700134277344,39.0369987487793,427717000
2023-06-12,39.45329666137695,39.481998443603516,39.529998779296875,38.61800003051758,39.20000076293945,388701000
2023-06-13,40.99217987060547,41.02199935913086,41.10100173950195,39.7400016784668,40.18600082397461,613208000
2023-06-14,42.96574783325195,42.99700164794922,43.0,40.551998138427734,40.82400131225586,740465000
2023-06-15,42.62199401855469,42.65299987792969,43.28900146484375,42.14699935913086,42.60200119018555,568622000
2023-06-16,42.66095733642578,42.69200134277344,43.72100067138672,42.6609992980957,43.45000076293945,655709000
2023-06-20,43.77614974975586,43.80799865722656,43.9900016784668,42.67399978637695,42.99800109863281,451153000
2023-06-21,43.01370620727539,43.04499816894531,43.6150016784668,42.08000183105469,43.500999450683594,551603000
2023-06-22,42.99371337890625,43.025001525878906,43.42599868774414,42.23400115966797,42.25299835205078,417737000
2023-06-23,42.17831039428711,42.20899963378906,42.808998107910156,42.01499938964844,42.4640007019043,358140000
2023-06-26,40.60246658325195,40.63199996948242,42.763999938964844,40.099998474121094,42.46099853515625,594322000
2023-06-27,41.84555435180664,41.875999450683594,41.939998626708984,40.448001861572266,40.79899978637695,462175000
2023-06-28,41.08710861206055,41.117000579833984,41.845001220703125,40.518001556396484,40.65999984741211,582639000
2023-06-29,40.79231643676758,40.821998596191406,41.599998474121094,40.599998474121094,41.55799865722656,380514000
2023-06-30,42.271244049072266,42.301998138427734,42.54999923706055,41.500999450683594,41.68000030517578,501148000
2023-07-03,42.38216018676758,42.41299819946289,42.89799880981445,42.20199966430664,42.516998291015625,198209000
2023-07-05,42.28623580932617,42.31700134277344,43.176998138427734,42.084999084472656,42.1349983215332,323618000
2023-07-06,42.07239532470703,42.10300064086914,42.17900085449219,41.34600067138672,41.84400177001953,303582000
2023-07-07,42.47209930419922,42.50299835205078,43.2140007019043,42.18000030517578,42.321998596191406,355881000
2023-07-10,42.14933776855469,42.18000030517578,42.81100082397461,41.64899826049805,42.65700149536133,353908000
2023-07-11,42.374176025390625,42.404998779296875,42.757999420166016,42.06700134277344,42.48099899291992,298244000
2023-07-12,43.87008285522461,43.902000427246094,43.935001373291016,42.777000427246094,43.03300094604492,481277000
2023-07-13,45.943572998046875,45.97700119018555,46.154998779296875,44.492000579833984,44.518001556396484,478204000
2023-07-14,45.435943603515625,45.46900177001953,48.0880012512207,45.060001373291016,46.58300018310547,772075000
2023-07-17,46.42721939086914,46.46099853515625,46.49599838256836,45.262001037597656,46.28900146484375,510488000
2023-07-18,47.459468841552734,47.49399948120117,47.895999908447266,45.73400115966797,46.70100021362305,569164000
2023-07-19,47.04277801513672,47.07699966430664,47.81800079345703,46.742000579833984,47.4640007019043,427502000
2023-07-20,45.486907958984375,45.52000045776367,47.08700180053711,45.0620002746582,46.50699996948242,537865000
2023-07-21,44.27678298950195,44.308998107910156,45.86600112915039,44.099998474121094,45.78799819946289,963769000
2023-07-24,44.57957077026367,44.61199951171875,45.10900115966797,44.040000915527344,44.73099899291992,382516000
2023-07-25,45.64579391479492,45.67900085449219,46.18299865722656,44.92300033569336,44.941001892089844,348081000
2023-07-26,45.41896057128906,45.45199966430664,46.053001403808594,44.630001068115234,46.020999908447266,364237000
2023-07-27,45.86663055419922,45.900001525878906,47.39500045776367,45.75,46.51900100708008,455976000
2023-07-28,46.71601486206055,46.75,47.027000427246094,46.38100051879883,46.667999267578125,331194000
2023-07-31,46.695030212402344,46.729000091552734,47.130001068115234,46.50600051879883,46.75400161743164,251055000
2023-08-01,46.47319030761719,46.50699996948242,46.900001525878906,46.027000427246094,46.459999084472656,237858000
2023-08-02,44.23681640625,44.26900100708008,45.84000015258789,43.387001037597656,45.83100128173828,530142000
2023-08-03,44.482635498046875,44.51499938964844,45.11800003051758,43.79999923706055,43.79999923706055,324176000
2023-08-04,44.64751052856445,44.68000030517578,45.641998291015625,44.393001556396484,44.98500061035156,362666000
2023-08-07,45.38397979736328,45.41699981689453,45.540000915527344,44.5629997253418,45.111000061035156,322154000
2023-08-08,44.63153076171875,44.66400146484375,45.242000579833984,44.055999755859375,44.85300064086914,353843000
2023-08-09,42.5230598449707,42.55400085449219,44.3120002746582,42.13399887084961,44.27399826049805,586449000
2023-08-10,42.35718536376953,42.38800048828125,43.57400131225586,41.834999084472656,42.15999984741211,492705000
2023-08-11,40.825294494628906,40.85499954223633,42.018001556396484,40.638999938964844,41.750999450683594,533085000
2023-08-14,43.72119140625,43.75299835205078,43.79999923706055,40.31100082397461,40.486000061035156,690286000
2023-08-15,43.90805435180664,43.939998626708984,45.268001556396484,43.709999084472656,44.560001373291016,676512000
2023-08-16,43.45439147949219,43.486000061035156,44.67499923706055,43.40599822998047,44.52000045776367,527451000
2023-08-17,43.3124885559082,43.34400177001953,44.0620002746582,43.000999450683594,43.970001220703125,452395000
2023-08-18,43.267513275146484,43.29899978637695,43.577999114990234,41.65999984741211,42.6349983215332,583768000
2023-08-21,46.932857513427734,46.96699905395508,47.064998626708984,44.22200012207031,44.49399948120117,692573000
2023-08-22,45.634796142578125,45.667999267578125,48.1870002746582,45.33300018310547,48.1349983215332,755293000
2023-08-23,47.081756591796875,47.11600112915039,47.20000076293945,45.20800018310547,45.86600112915039,779046000
2023-08-24,47.12871170043945,47.16299819946289,50.26599884033203,47.159000396728516,50.215999603271484,1156044000
2023-08-25,45.98454284667969,46.018001556396484,47.80500030517578,45.02399826049805,47.012001037597656,925341000
2023-08-28,46.80095291137695,46.834999084472656,46.97999954223633,44.88800048828125,46.481998443603516,685192000
2023-08-29,48.748531341552734,48.784000396728516,49.08100128173828,46.39099884033203,46.66600036621094,701397000
2023-08-30,49.228187561035156,49.263999938964844,49.926998138427734,48.42499923706055,49.04399871826172,735206000
2023-08-31,49.319122314453125,49.35499954223633,49.74399948120117,48.95800018310547,49.380001068115234,528570000
2023-09-01,48.473731994628906,48.50899887084961,49.79999923706055,48.141998291015625,49.762001037597656,463830000
2023-09-05,48.51271057128906,48.54800033569336,48.85100173950195,47.86000061035156,48.222999572753906,382653000
2023-09-06,47.030662536621094,47.06100082397461,48.54899978637695,46.58000183105469,48.441001892089844,468670000
2023-09-07,46.2111930847168,46.24100112915039,46.34400177001953,45.152000427246094,45.525001525878906,433330000
2023-09-08,45.54262161254883,45.571998596191406,46.60599899291992,45.270999908447266,45.94200134277344,473069000
2023-09-11,45.14887619018555,45.178001403808594,46.16299819946289,44.3120002746582,46.14799880981445,473966000
2023-09-12,44.84107208251953,44.869998931884766,45.67300033569336,44.53099822998047,44.737998962402344,349256000
2023-09-13,45.4556770324707,45.48500061035156,45.93000030517578,44.50299835205078,44.599998474121094,398355000
2023-09-14,45.55162048339844,45.58100128173828,45.98699951171875,45.13100051879883,45.95000076293945,370097000
2023-09-15,43.87169647216797,43.900001525878906,45.5989990234375,43.80799865722656,45.340999603271484,506831000
2023-09-18,43.93765640258789,43.965999603271484,44.242000579833984,42.0,42.74800109863281,500271000
2023-09-19,43.491939544677734,43.52000045776367,43.965999603271484,43.00199890136719,43.83300018310547,373064000
2023-09-20,42.21177291870117,42.23899841308594,43.90299987792969,42.222999572753906,43.599998474121094,367108000
2023-09-21,40.99055862426758,41.016998291015625,42.099998474121094,40.97999954223633,41.58300018310547,450736000
2023-09-22,41.58317565917969,41.61000061035156,42.1150016784668,41.23099899291992,41.571998596191406,479236000
2023-09-25,42.19477844238281,42.22200012207031,42.5359992980957,41.176998138427734,41.590999603271484,419091000
2023-09-26,41.88397979736328,41.9109992980957,42.81999969482422,41.654998779296875,42.000999450683594,402282000
2023-09-27,42.440616607666016,42.46799850463867,42.87200164794922,41.62900161743164,42.33000183105469,444935000
2023-09-28,43.061214447021484,43.0890007019043,43.44599914550781,42.1150016784668,42.459999084472656,424663000
2023-09-29,43.4709587097168,43.499000549316406,44.14400100708008,43.30699920654297,43.82699966430664,397830000
2023-10-02,44.753135681152344,44.78200149536133,45.17499923706055,43.861000061035156,44.029998779296875,433298000
2023-10-03,43.48893737792969,43.516998291015625,45.130001068115234,43.24599838256836,44.80799865722656,470850000
2023-10-04,44.012611389160156,44.04100036621094,44.143001556396484,43.29199981689453,43.742000579833984,361821000
2023-10-05,44.6591911315918,44.6879997253418,44.900001525878906,43.88800048828125,44.04999923706055,393483000
2023-10-06,45.73249435424805,45.762001037597656,45.78900146484375,44.0260009765625,44.19300079345703,434436000
2023-10-09,45.243812561035156,45.27299880981445,45.60499954223633,44.36800003051758,44.84199905395508,409675000
2023-10-10,45.768470764160156,45.79800033569336,46.25899887084961,45.0880012512207,45.310001373291016,368582000
2023-10-11,46.775821685791016,46.805999755859375,46.85900115966797,46.04999923706055,46.19599914550781,378137000
2023-10-12,46.91473388671875,46.94499969482422,47.60900115966797,46.33000183105469,46.777000427246094,481325000
2023-10-13,45.43168640136719,45.46099853515625,47.11600112915039,45.279998779296875,46.959999084472656,474115000
2023-10-16,46.065284729003906,46.095001220703125,46.224998474121094,44.9119987487793,45.0629997253418,375099000
2023-10-17,43.90967559814453,43.9379997253418,44.75400161743164,42.47999954223633,44.0,812333000
2023-10-18,42.16879653930664,42.19599914550781,43.21900177001953,41.82500076293945,42.590999603271484,627294000
2023-10-19,42.07386016845703,42.10100173950195,43.297000885009766,41.88199996948242,42.81100082397461,501233000
2023-10-20,41.36031723022461,41.387001037597656,42.470001220703125,41.077999114990234,41.88999938964844,477266000
2023-10-23,42.947296142578125,42.974998474121094,43.24800109863281,40.94499969482422,41.229000091552734,478530000
2023-10-24,43.63485336303711,43.66299819946289,43.696998596191406,42.691001892089844,43.07699966430664,401463000
2023-10-25,41.7520637512207,41.77899932861328,43.650001525878906,41.55500030517578,43.39799880981445,398379000
2023-10-26,40.30000305175781,40.32600021362305,42.25600051879883,39.880001068115234,41.85300064086914,541001000
2023-10-27,40.47389221191406,40.5,41.20600128173828,40.01499938964844,41.130001068115234,416784000
2023-10-30,41.13446044921875,41.1609992980957,41.76599884033203,40.48099899291992,41.08700180053711,388028000
2023-10-31,40.75370788574219,40.779998779296875,40.87900161743164,39.22999954223633,40.45000076293945,517969000
2023-11-01,42.2977180480957,42.32500076293945,42.38100051879883,40.86899948120117,40.88399887084961,437593000
2023-11-02,43.47794723510742,43.50600051879883,43.88399887084961,42.89400100708008,43.327999114990234,409172000
2023-11-03,44.97598648071289,45.005001068115234,45.308998107910156,43.722999572753906,44.02000045776367,424610000
2023-11-06,45.72150421142578,45.750999450683594,45.935001373291016,44.89899826049805,45.28499984741211,400733000
2023-11-07,45.925376892089844,45.95500183105469,46.21799850463867,45.15800094604492,45.71900177001953,343165000
2023-11-08,46.543975830078125,46.57400131225586,46.867000579833984,45.96799850463867,46.099998474121094,346719000
2023-11-09,46.91972732543945,46.95000076293945,48.22999954223633,46.75,47.46699905395508,540496000
2023-11-10,48.303836822509766,48.334999084472656,48.47200012207031,47.28300094604492,47.5,421245000
2023-11-13,48.58864974975586,48.619998931884766,49.11600112915039,48.0989990234375,48.31999969482422,384136000
2023-11-14,49.623992919921875,49.65599822998047,49.83399963378906,49.040000915527344,49.68000030517578,416954000
2023-11-15,48.85648727416992,48.88800048828125,49.959999084472656,48.20000076293945,49.935001373291016,475497000
2023-11-16,49.44810485839844,49.47999954223633,49.525001525878906,48.33000183105469,48.67900085449219,339756000
2023-11-17,49.2662239074707,49.29800033569336,49.71699905395508,49.00699996948242,49.52399826049805,325205000
2023-11-20,50.376502990722656,50.409000396728516,50.54800033569336,49.180999755859375,49.3120002746582,414120000
2023-11-21,49.91179656982422,49.944000244140625,50.516998291015625,49.22200012207031,50.125999450683594,565747000
2023-11-22,48.684593200683594,48.715999603271484,50.334999084472656,47.689998626708984,49.85200119018555,899420000
2023-11-24,47.745208740234375,47.7760009765625,48.92100143432617,47.744998931884766,48.470001220703125,294645000
2023-11-27,48.21089172363281,48.242000579833984,48.529998779296875,47.652000427246094,47.79999923706055,395662000
2023-11-28,47.79016876220703,47.82099914550781,48.323001861572266,47.472999572753906,48.236000061035156,401491000
2023-11-29,48.108970642089844,48.13999938964844,48.762001037597656,47.86000061035156,48.37900161743164,382005000
2023-11-30,46.73984909057617,46.77000045776367,48.11000061035156,46.422000885009766,48.02399826049805,526247000
2023-12-01,46.7348518371582,46.76499938964844,47.20000076293945,46.1870002746582,46.525001525878906,369317000
2023-12-04,45.48065948486328,45.5099983215332,46.07699966430664,45.0099983215332,46.07699966430664,437543000
2023-12-05,46.540077209472656,46.566001892089844,46.599998474121094,45.270999908447266,45.465999603271484,371718000
2023-12-06,45.477664947509766,45.50299835205078,47.387001037597656,45.4119987487793,47.21500015258789,380590000
2023-12-07,46.5700569152832,46.59600067138672,46.62900161743164,45.604000091552734,45.70000076293945,350823000
2023-12-08,47.479549407958984,47.50600051879883,47.74100112915039,46.54999923706055,46.595001220703125,359224000
2023-12-11,46.60103988647461,46.62699890136719,47.53099822998047,45.83000183105469,47.49100112915039,509728000
2023-12-12,47.63046646118164,47.65700149536133,47.66600036621094,46.04600143432617,46.04600143432617,372387000
2023-12-13,48.06122589111328,48.0880012512207,48.59400177001953,47.608001708984375,47.62900161743164,447792000
2023-12-14,48.323081970214844,48.349998474121094,48.66999816894531,47.422000885009766,48.38999938964844,391232000
2023-12-15,48.86277770996094,48.88999938964844,49.40399932861328,48.119998931884766,48.194000244140625,479948000
2023-12-18,50.04911422729492,50.07699966430664,50.43299865722656,49.150001525878906,49.400001525878906,412587000
2023-12-19,49.57637405395508,49.604000091552734,49.70000076293945,48.89500045776367,49.42399978637695,464444000
2023-12-20,48.08420944213867,48.111000061035156,49.999000549316406,48.097999572753906,49.654998779296875,397894000
2023-12-21,48.96272659301758,48.9900016784668,49.095001220703125,48.41899871826172,48.81100082397461,300425000
2023-12-22,48.80281448364258,48.83000183105469,49.382999420166016,48.46699905395508,49.19499969482422,252507000
2023-12-26,49.251556396484375,49.27899932861328,49.599998474121094,48.959999084472656,48.96799850463867,244200000
2023-12-27,49.389488220214844,49.41699981689453,49.68000030517578,49.084999084472656,49.51100158691406,233648000
2023-12-28,49.494422912597656,49.52199935913086,49.88399887084961,49.4119987487793,49.643001556396484,246587000
2023-12-29,49.494422912597656,49.52199935913086,49.99700164794922,48.750999450683594,49.8129997253418,389293000
2024-01-02,48.141178131103516,48.167999267578125,49.29499816894531,47.595001220703125,49.24399948120117,411254000
2024-01-03,47.54250717163086,47.569000244140625,48.183998107910156,47.31999969482422,47.48500061035156,320896000
2024-01-04,47.97127914428711,47.99800109863281,48.5,47.507999420166016,47.766998291015625,306535000
2024-01-05,49.06966781616211,49.09700012207031,49.547000885009766,48.305999755859375,48.46200180053711,415039000
2024-01-08,52.22390365600586,52.25299835205078,52.275001525878906,49.479000091552734,49.512001037597656,642510000
2024-01-09,53.110416412353516,53.13999938964844,54.32500076293945,51.689998626708984,52.4010009765625,773100000
2024-01-10,54.31973648071289,54.349998474121094,54.599998474121094,53.48899841308594,53.61600112915039,533796000
2024-01-11,54.791473388671875,54.821998596191406,55.34600067138672,53.560001373291016,54.999000549316406,596759000
2024-01-12,54.679534912109375,54.709999084472656,54.970001220703125,54.33000183105469,54.619998931884766,352994000
2024-01-16,56.35060501098633,56.38199996948242,56.834999084472656,54.900001525878906,55.018001556396484,449580000
2024-01-17,56.02178955078125,56.053001403808594,56.47100067138672,54.7400016784668,56.34700012207031,474394000
2024-01-18,57.07520294189453,57.106998443603516,57.599998474121094,56.106998443603516,57.2599983215332,491650000
2024-01-19,59.45787811279297,59.49100112915039,59.5,57.224998474121094,57.98899841308594,543501000
2024-01-22,59.62078857421875,59.65399932861328,60.33100128173828,59.06999969482422,60.04899978637695,452955000
2024-01-23,59.839664459228516,59.87300109863281,59.90999984741211,58.584999084472656,59.56999969482422,294654000
2024-01-24,61.32783126831055,61.36199951171875,62.8489990234375,59.9379997253418,60.30400085449219,560271000
2024-01-25,61.58269500732422,61.617000579833984,62.71900177001953,60.849998474121094,62.349998474121094,482777000
2024-01-26,60.99701690673828,61.03099822998047,61.78300094604492,60.573001861572266,60.959999084472656,390309000
2024-01-29,62.430213928222656,62.46500015258789,62.48899841308594,60.90700149536133,61.231998443603516,348733000
2024-01-30,62.739044189453125,62.77399826049805,63.49300003051758,62.2599983215332,62.900001525878906,410735000
2024-01-31,61.49273681640625,61.527000427246094,62.26900100708008,60.70000076293945,61.439998626708984,453795000
2024-02-01,62.991905212402344,63.027000427246094,63.191001892089844,61.650001525878906,62.099998474121094,369146000
2024-02-02,66.12316131591797,66.16000366210938,66.5999984741211,63.689998626708984,63.9739990234375,476578000
2024-02-05,69.29339599609375,69.33200073242188,69.49700164794922,67.20500183105469,68.2249984741211,680078000
2024-02-06,68.18501281738281,68.2229995727539,69.75399780273438,66.30000305175781,69.62999725341797,683111000
2024-02-07,70.0599594116211,70.0989990234375,70.22000122070312,67.5999984741211,68.31900024414062,495575000
2024-02-08,69.60221099853516,69.64099884033203,70.79399871826172,69.45500183105469,70.0739974975586,414422000
2024-02-09,72.09284973144531,72.13300323486328,72.18499755859375,70.21199798583984,70.53299713134766,436637000
2024-02-12,72.20777130126953,72.24800109863281,74.61100006103516,71.25,72.5999984741211,613710000
2024-02-13,72.08784484863281,72.12799835205078,73.44999694824219,69.62000274658203,70.4000015258789,602580000
2024-02-14,73.85885620117188,73.9000015258789,74.23600006103516,71.93800354003906,73.2020034790039,504917000
2024-02-15,72.6175308227539,72.65799713134766,73.9749984741211,72.4000015258789,73.86900329589844,420122000
2024-02-16,72.57257080078125,72.61299896240234,74.4020004272461,72.5009994506836,74.0999984741211,495327000
2024-02-20,69.41332244873047,69.4520034790039,71.95600128173828,67.73400115966797,71.9469985961914,704833000
2024-02-21,67.43444061279297,67.47200012207031,68.88800048828125,66.24800109863281,68.00599670410156,673755000
2024-02-22,78.49427032470703,78.53800201416016,78.57499694824219,74.22000122070312,75.0250015258789,865100000
2024-02-23,78.77312469482422,78.81700134277344,82.39399719238281,77.56999969482422,80.79000091552734,829388000
2024-02-26,79.04796600341797,79.09200286865234,80.64600372314453,78.50499725341797,79.69999694824219,503973000
2024-02-27,78.65718078613281,78.70099639892578,79.4800033569336,77.16200256347656,79.38099670410156,391705000
2024-02-28,77.6197509765625,77.66300201416016,78.93299865722656,77.125,77.62000274658203,393110000
2024-02-29,79.06795501708984,79.11199951171875,79.98999786376953,78.3499984741211,79.09400177001953,507289000
2024-03-01,82.2331771850586,82.27899932861328,82.30000305175781,79.43499755859375,80.0,479135000
2024-03-04,85.18953704833984,85.23699951171875,87.69499969482422,83.71900177001953,84.12999725341797,615616000
2024-03-05,85.920166015625,85.96399688720703,86.09700012207031,83.41699981689453,85.2699966430664,520639000
2024-03-06,88.65476989746094,88.69999694824219,89.7239990234375,87.02999877929688,88.02200317382812,582520000
2024-03-07,92.62173461914062,92.66899871826172,92.76699829101562,89.60199737548828,90.15799713134766,608119000
2024-03-08,87.48336791992188,87.52799987792969,97.4000015258789,86.50599670410156,95.13800048828125,1142269000
2024-03-11,85.73026275634766,85.77400207519531,88.7969970703125,84.16600036621094,86.42900085449219,678364000
2024-03-12,91.86613464355469,91.91300201416016,91.95999908447266,86.1500015258789,88.04900360107422,668075000
2024-03-13,90.84165954589844,90.88800048828125,91.50399780273438,88.43499755859375,91.05500030517578,635713000
2024-03-14,87.8991470336914,87.94400024414062,90.64600372314453,86.5999984741211,89.5770034790039,602318000
2024-03-15,87.79219818115234,87.83699798583984,89.5459976196289,86.25700378417969,86.93000030517578,642086000
2024-03-18,88.4098892211914,88.45500183105469,92.40499877929688,87.08499908447266,90.38800048828125,668976000
2024-03-19,89.35243225097656,89.39800262451172,90.54399871826172,85.01000213623047,86.69999694824219,672171000
2024-03-20,90.32592010498047,90.37200164794922,90.41000366210938,88.2229995727539,89.7969970703125,479063000
2024-03-21,91.38837432861328,91.43499755859375,92.64800262451172,90.40499877929688,92.30000305175781,480372000
2024-03-22,94.24092102050781,94.28900146484375,94.77799987792969,90.83399963378906,91.14099884033203,586719000
2024-03-25,94.95355224609375,95.00199890136719,96.76599884033203,93.51000213623047,93.94100189208984,552136000
2024-03-26,92.5137939453125,92.56099700927734,96.375,92.50199890136719,95.85099792480469,513648000
2024-03-27,90.20397186279297,90.25,93.23999786376953,89.12300109863281,93.11199951171875,586067000
2024-03-28,90.30992126464844,90.35600280761719,91.30000305175781,89.19300079345703,90.0,435212000
2024-04-01,90.3169174194336,90.36299896240234,92.2249984741211,89.2040023803711,90.29900360107422,452441000
2024-04-02,89.40637969970703,89.4520034790039,90.09400177001953,87.62000274658203,88.447998046875,433064000
2024-04-03,88.91864013671875,88.96399688720703,90.3740005493164,88.4000015258789,88.48400115966797,370067000
2024-04-04,85.86119079589844,85.90499877929688,90.63400268554688,85.87999725341797,90.40599822998047,434965000
2024-04-05,87.96312713623047,88.00800323486328,88.48100280761719,85.9260025024414,86.86599731445312,399678000
2024-04-08,87.08856201171875,87.13300323486328,88.83000183105469,86.73200225830078,88.69999694824219,283220000
2024-04-09,85.31045532226562,85.35399627685547,87.63500213623047,83.02200317382812,87.44200134277344,501700000
2024-04-10,86.99461364746094,87.03900146484375,87.4000015258789,83.70899963378906,83.9260025024414,431929000
2024-04-11,90.5698013305664,90.61599731445312,90.73899841308594,86.9260025024414,87.41999816894531,431637000
2024-04-12,88.14102935791016,88.18599700927734,90.17500305175781,87.52999877929688,89.6989974975586,426805000
2024-04-15,85.95716094970703,86.0009994506836,90.61299896240234,85.92900085449219,89.0979995727539,443077000
2024-04-16,87.37042236328125,87.41500091552734,88.11799621582031,86.06400299072266,86.43299865722656,370453000
2024-04-17,83.99214172363281,84.03500366210938,88.7750015258789,83.94999694824219,88.33999633789062,495400000
2024-04-18,84.6278305053711,84.6709976196289,86.19000244140625,82.4020004272461,84.97000122070312,447260000
2024-04-19,76.16114807128906,76.19999694824219,84.3239974975586,75.60600280761719,83.1500015258789,875198000
2024-04-22,79.47745513916016,79.51799774169922,80.072998046875,76.4000015258789,78.10399627685547,596341000
2024-04-23,82.38097381591797,82.4229965209961,82.76899719238281,80.26399993896484,80.76899719238281,438559000
2024-04-24,79.6363754272461,79.677001953125,84.08200073242188,79.18299865722656,83.94999694824219,512208000
2024-04-25,82.58985900878906,82.63200378417969,83.322998046875,78.2229995727539,78.86799621582031,424641000
2024-04-26,87.69026947021484,87.73500061035156,88.33100128173828,83.38700103759766,83.81800079345703,551011000
2024-04-29,87.7122573852539,87.75700378417969,87.99199676513672,85.26599884033203,87.59500122070312,388971000
2024-04-30,86.35794830322266,86.4020004272461,88.81900024414062,86.30000305175781,87.23999786376953,363709000
2024-05-01,82.99864196777344,83.04100036621094,86.0,81.25499725341797,85.0770034790039,559863000
2024-05-02,85.77323913574219,85.81700134277344,86.23699951171875,83.19999694824219,84.4489974975586,377898000
2024-05-03,88.74372100830078,88.78900146484375,89.28099822998047,87.04000091552734,87.78900146484375,398341000
2024-05-06,92.093017578125,92.13999938964844,92.22000122070312,89.05500030517578,89.38999938964844,376203000
2024-05-07,90.50782775878906,90.55400085449219,91.78099822998047,89.01100158691406,91.0979995727539,437342000
2024-05-08,90.36589050292969,90.41200256347656,91.19400024414062,89.41999816894531,89.48300170898438,325721000
2024-05-09,88.70175170898438,88.74700164794922,91.0719985961914,88.23100280761719,90.52899932861328,378013000
2024-05-10,89.83216094970703,89.87799835205078,91.4010009765625,89.22699737548828,90.30500030517578,335325000
2024-05-13,90.35291290283203,90.39900207519531,90.99800109863281,88.52899932861328,90.47799682617188,289680000
2024-05-14,91.30941772460938,91.35600280761719,91.6510009765625,88.93399810791016,89.5989990234375,296507000
2024-05-15,94.58174896240234,94.62999725341797,94.86199951171875,91.5989990234375,92.47200012207031,417735000
2024-05-16,94.3108901977539,94.35900115966797,95.81900024414062,94.10299682617188,94.91000366210938,323952000
2024-05-17,92.43183135986328,92.47899627685547,94.73999786376953,91.80599975585938,94.36900329589844,359691000
2024-05-20,94.73167419433594,94.77999877929688,95.19999694824219,93.44000244140625,93.75,318764000
2024-05-21,95.33735656738281,95.38600158691406,95.4000015258789,93.18000030517578,93.5989990234375,328946000
2024-05-22,94.90158081054688,94.94999694824219,96.0199966430664,93.2490005493164,95.45899963378906,548648000
2024-05-23,103.74607849121094,103.79900360107422,106.31999969482422,101.5199966430664,102.02799987792969,835065000
2024-05-24,106.41470336914062,106.46900177001953,106.4749984741211,103.0,104.4489974975586,429494000
2024-05-28,113.8429183959961,113.9010009765625,114.93900299072266,109.88300323486328,110.24400329589844,652728000
2024-05-29,114.76644134521484,114.82499694824219,115.49199676513672,110.9010009765625,113.05000305175781,557442000
2024-05-30,110.44365692138672,110.5,115.81900024414062,109.66300201416016,114.6500015258789,484553000
2024-05-31,109.57710266113281,109.63300323486328,112.71700286865234,106.94000244140625,112.5199966430664,613263000
2024-06-03,114.94136047363281,115.0,115.0,112.00299835205078,113.62100219726562,438392000
2024-06-04,116.37763977050781,116.43699645996094,116.5999984741211,114.04499816894531,115.71600341796875,403324000
2024-06-05,122.3775634765625,122.44000244140625,122.4489974975586,117.46800231933594,118.37100219726562,528402000
2024-06-06,120.93629455566406,120.99800109863281,125.58699798583984,118.31999969482422,124.0479965209961,664696000
2024-06-07,120.82636260986328,120.88800048828125,121.69200134277344,118.02200317382812,119.7699966430664,412386000
2024-06-10,121.72789764404297,121.79000091552734,123.0999984741211,117.01000213623047,120.37000274658203,313434100
2024-06-11,120.8582763671875,120.91000366210938,122.87000274658203,118.73999786376953,121.7699966430664,222551200
2024-06-12,125.14643859863281,125.19999694824219,126.87999725341797,122.56999969482422,123.05999755859375,299595000
2024-06-13,129.55453491210938,129.61000061035156,129.8000030517578,127.16000366210938,129.38999938964844,260704500
2024-06-14,131.82359313964844,131.8800048828125,132.83999633789062,128.32000732421875,129.9600067138672,309320400
2024-06-17,130.92396545410156,130.97999572753906,133.72999572753906,129.5800018310547,132.99000549316406,288504400
2024-06-18,135.52198791503906,135.5800018310547,136.3300018310547,130.69000244140625,131.13999938964844,294335100
2024-06-20,130.72406005859375,130.77999877929688,140.75999450683594,129.52000427246094,139.8000030517578,517768400
2024-06-21,126.5158462524414,126.56999969482422,130.6300048828125,124.30000305175781,127.12000274658203,649445800
2024-06-24,118.05946350097656,118.11000061035156,124.45999908447266,118.04000091552734,123.23999786376953,476060900
2024-06-25,126.03604888916016,126.08999633789062,126.5,119.31999969482422,121.19999694824219,414192600
2024-06-26,126.34593200683594,126.4000015258789,128.1199951171875,122.5999984741211,126.12999725341797,362975900
2024-06-27,123.93695831298828,123.98999786376953,126.41000366210938,122.91999816894531,124.0999984741211,252571700
2024-06-28,123.48715209960938,123.54000091552734,127.70999908447266,122.75,124.58000183105469,315516700
2024-07-01,124.246826171875,124.30000305175781,124.83999633789062,118.83000183105469,123.47000122070312,284885500
2024-07-02,122.61752319335938,122.66999816894531,123.41000366210938,121.02999877929688,121.12999725341797,218374000
2024-07-03,128.22511291503906,128.27999877929688,128.27999877929688,121.36000061035156,121.66000366210938,215749000
2024-07-05,125.77616119384766,125.83000183105469,128.85000610351562,125.68000030517578,127.37999725341797,214176700
2024-07-08,128.14512634277344,128.1999969482422,130.77000427246094,127.04000091552734,127.48999786376953,237677300
2024-07-09,131.3238067626953,131.3800048828125,133.82000732421875,128.64999389648438,130.35000610351562,285366600
2024-07-10,134.852294921875,134.91000366210938,135.10000610351562,132.4199981689453,134.02999877929688,248978600
2024-07-11,127.34549713134766,127.4000015258789,136.14999389648438,127.05000305175781,135.75,374782700
2024-07-12,129.1847381591797,129.24000549316406,131.9199981689453,127.22000122070312,128.25999450683594,252680500
2024-07-15,128.38504028320312,128.44000244140625,131.38999938964844,127.18000030517578,130.55999755859375,208326200
2024-07-16,126.3059310913086,126.36000061035156,129.0399932861328,124.58000183105469,128.44000244140625,214769500
2024-07-17,117.93951416015625,117.98999786376953,121.8499984741211,116.72000122070312,121.3499984741211,390086200
2024-07-18,121.0381851196289,121.08999633789062,122.4000015258789,116.55999755859375,121.8499984741211,320979500
2024-07-19,117.87955474853516,117.93000030517578,121.5999984741211,117.37000274658203,120.3499984741211,217223800
2024-07-22,123.48715209960938,123.54000091552734,124.06999969482422,119.86000061035156,120.3499984741211,258068900
2024-07-23,122.53755187988281,122.58999633789062,124.69000244140625,122.0999984741211,122.77999877929688,173911000
2024-07-24,114.20111846923828,114.25,119.94999694824219,113.44000244140625,119.16999816894531,327776900
2024-07-25,112.2319564819336,112.27999877929688,116.62999725341797,106.30000305175781,113.04000091552734,460067000
2024-07-26,113.0116195678711,113.05999755859375,116.19999694824219,111.58000183105469,116.19000244140625,293399100
2024-07-29,111.5422592163086,111.58999633789062,116.27999877929688,111.30000305175781,113.69000244140625,248152100
2024-07-30,103.68563079833984,103.7300033569336,111.98999786376953,102.54000091552734,111.5199966430664,486833300
2024-07-31,116.96993255615234,117.0199966430664,118.33999633789062,110.87999725341797,112.9000015258789,473174200
2024-08-01,109.16327667236328,109.20999908447266,120.16000366210938,106.80999755859375,117.52999877929688,523462300
2024-08-02,107.2240982055664,107.2699966430664,108.72000122070312,101.37000274658203,103.76000213623047,482027500
2024-08-05,100.40702056884766,100.44999694824219,103.41000366210938,90.69000244140625,92.05999755859375,552842400
2024-08-06,104.20539093017578,104.25,107.70999908447266,100.55000305175781,103.83999633789062,409012100
2024-08-07,98.86768341064453,98.91000366210938,108.80000305175781,98.69000244140625,107.80999755859375,411440400
2024-08-08,104.92508697509766,104.97000122070312,105.5,97.5199966430664,102.0,391910000
2024-08-09,104.70518493652344,104.75,106.5999984741211,103.43000030517578,105.63999938964844,290844200
2024-08-12,108.97335815429688,109.0199966430664,111.06999969482422,106.26000213623047,106.31999969482422,325559900
2024-08-13,116.0903091430664,116.13999938964844,116.2300033569336,111.58000183105469,112.44000244140625,312646700
2024-08-14,118.02948760986328,118.08000183105469,118.5999984741211,114.06999969482422,118.52999877929688,339246400
2024-08-15,122.80744171142578,122.86000061035156,123.23999786376953,117.47000122070312,118.76000213623047,318086700
2024-08-16,124.52668762207031,124.58000183105469,125.0,121.18000030517578,121.94000244140625,302589900
2024-08-19,129.94439697265625,130.0,130.0,123.41999816894531,124.27999877929688,318333600
2024-08-20,127.195556640625,127.25,129.8800048828125,125.88999938964844,128.39999389648438,300087400
2024-08-21,128.4450225830078,128.5,129.35000610351562,126.66000366210938,127.31999969482422,257883600
2024-08-22,123.68706512451172,123.73999786376953,130.75,123.0999984741211,130.02000427246094,376189100
2024-08-23,129.31463623046875,129.3699951171875,129.60000610351562,125.22000122070312,125.86000061035156,323230300
2024-08-26,126.40589141845703,126.45999908447266,131.25999450683594,124.37000274658203,129.57000732421875,331964700
2024-08-27,128.2451171875,128.3000030517578,129.1999969482422,123.87999725341797,125.05000305175781,303134600
2024-08-28,125.55626678466797,125.61000061035156,128.3300018310547,122.63999938964844,128.1199951171875,448101100
2024-08-29,117.53968811035156,117.58999633789062,124.43000030517578,116.70999908447266,121.36000061035156,453023300
2024-08-30,119.31893157958984,119.37000274658203,121.75,117.22000122070312,119.52999877929688,333751600
2024-09-03,107.95378875732422,108.0,116.20999908447266,107.29000091552734,116.01000213623047,477155100
2024-09-04,106.16455841064453,106.20999908447266,113.2699966430664,104.12000274658203,105.41000366210938,372470300
2024-09-05,107.16413879394531,107.20999908447266,109.6500015258789,104.76000213623047,104.98999786376953,306850700
2024-09-06,102.7860107421875,102.83000183105469,108.1500015258789,100.94999694824219,108.04000091552734,413638100
2024-09-09,106.42444610595703,106.47000122070312,106.55000305175781,103.69000244140625,104.87999725341797,273912000
2024-09-10,108.05374145507812,108.0999984741211,109.4000015258789,104.94999694824219,107.80999755859375,268283700
2024-09-11,116.8599853515625,116.91000366210938,117.19000244140625,107.41999816894531,109.38999938964844,441422400
2024-09-12,119.0992202758789,119.13999938964844,120.79000091552734,115.37999725341797,116.83999633789062,366052700
2024-09-13,119.0592269897461,119.0999984741211,119.95999908447266,117.5999984741211,119.08000183105469,238358300
2024-09-16,116.74002075195312,116.77999877929688,118.18000030517578,114.36000061035156,116.79000091552734,248772300
2024-09-17,115.55043029785156,115.58999633789062,118.80000305175781,114.83000183105469,118.16999816894531,231925900
2024-09-18,113.33118438720703,113.37000274658203,117.69999694824219,113.22000122070312,115.88999938964844,310318900
2024-09-19,117.82965087890625,117.87000274658203,119.66000366210938,117.25,117.3499984741211,293506400
2024-09-20,115.96029663085938,116.0,118.62000274658203,115.38999938964844,117.05999755859375,382462400
2024-09-23,116.22020721435547,116.26000213623047,116.98999786376953,114.86000061035156,116.55000305175781,206228500
2024-09-24,120.82862854003906,120.87000274658203,121.80000305175781,115.37999725341797,116.5199966430664,354966800
2024-09-25,123.46772003173828,123.51000213623047,124.94000244140625,121.61000061035156,122.0199966430664,284692900
2024-09-26,123.9975357055664,124.04000091552734,127.66999816894531,121.80000305175781,126.80000305175781,302582900
2024-09-27,121.35844421386719,121.4000015258789,124.02999877929688,119.26000213623047,123.97000122070312,271009200
2024-09-30,121.3984375,121.44000244140625,121.5,118.1500015258789,118.30999755859375,226553700
2024-10-01,116.95994567871094,117.0,122.44000244140625,115.79000091552734,121.7699966430664,302094500
2024-10-02,118.80931091308594,118.8499984741211,119.37999725341797,115.13999938964844,116.44000244140625,221845900
2024-10-03,122.80794525146484,122.8499984741211,124.36000061035156,120.33999633789062,120.91999816894531,277118000
2024-10-04,124.87722778320312,124.91999816894531,125.04000091552734,121.83000183105469,124.94000244140625,243678100
2024-10-07,127.67627716064453,127.72000122070312,130.63999938964844,124.94999694824219,124.98999786376953,346250200
2024-10-08,132.84449768066406,132.88999938964844,133.47999572753906,129.4199981689453,130.25999450683594,285722500
2024-10-09,132.60458374023438,132.64999389648438,134.52000427246094,131.3800048828125,134.11000061035156,246191600
2024-10-10,134.7638397216797,134.80999755859375,135.0,131.0,131.91000366210938,242311300
2024-10-11,134.7538604736328,134.8000030517578,135.77999877929688,133.66000366210938,134.00999450683594,170209500
2024-10-14,138.0227508544922,138.07000732421875,139.60000610351562,136.3000030517578,136.47000122070312,232347700
2024-10-15,131.55496215820312,131.60000610351562,138.57000732421875,128.74000549316406,137.8699951171875,377831000
2024-10-16,135.6735382080078,135.72000122070312,136.6199951171875,131.5800018310547,133.97999572753906,264879700
2024-10-17,136.88311767578125,136.92999267578125,140.88999938964844,136.8699951171875,139.33999633789062,306435900
2024-10-18,137.9527587890625,138.0,138.89999389648438,137.27999877929688,138.6699981689453,176090200
2024-10-21,143.6608123779297,143.7100067138672,143.7100067138672,138.0,138.1300048828125,264554500
2024-10-22,143.5408477783203,143.58999633789062,144.4199981689453,141.77999877929688,142.91000366210938,226311600
2024-10-23,139.51222229003906,139.55999755859375,142.42999267578125,137.4600067138672,142.02999877929688,285930000
2024-10-24,140.3619384765625,140.41000366210938,141.35000610351562,138.4600067138672,140.82000732421875,172354900
2024-10-25,141.49154663085938,141.5399932861328,144.1300048828125,140.8000030517578,140.92999267578125,205122100
2024-10-28,140.47190856933594,140.52000427246094,143.13999938964844,140.0500030517578,143.0,173586700
2024-10-29,141.20164489746094,141.25,142.25999450683594,138.89999389648438,140.2899932861328,157593600
2024-10-30,139.29229736328125,139.33999633789062,140.3300018310547,136.80999755859375,139.5399932861328,179418100
2024-10-31,132.7145538330078,132.75999450683594,137.61000061035156,132.11000061035156,137.60000610351562,270039600
2024-11-01,135.35365295410156,135.39999389648438,137.30999755859375,134.57000732421875,134.6999969482422,207127800
2024-11-04,136.00343322753906,136.0500030517578,138.9600067138672,135.57000732421875,137.2100067138672,187528200
2024-11-05,139.8621063232422,139.91000366210938,140.3699951171875,137.3300018310547,137.4499969482422,160537400
2024-11-06,145.56015014648438,145.61000061035156,146.49000549316406,141.9600067138672,142.9600067138672,242043900
2024-11-07,148.8290557861328,148.8800048828125,148.92999267578125,146.1699981689453,146.38999938964844,207323300
2024-11-08,147.5794677734375,147.6300048828125,149.77000427246094,146.25999450683594,148.77000427246094,175665800
2024-11-11,145.21026611328125,145.25999450683594,148.85000610351562,143.57000732421875,148.67999267578125,182325600
2024-11-12,148.23922729492188,148.2899932861328,149.64999389648438,146.00999450683594,146.77999877929688,198634700
2024-11-13,146.2199249267578,146.27000427246094,149.3300018310547,145.89999389648438,149.07000732421875,191903300
2024-11-14,146.70974731445312,146.75999450683594,149.0,145.5500030517578,147.63999938964844,194463300
2024-11-15,141.93138122558594,141.97999572753906,145.24000549316406,140.0800018310547,144.8699951171875,250132900
2024-11-18,140.1020050048828,140.14999389648438,141.5500030517578,137.14999389648438,139.5,221205300
2024-11-19,146.9596710205078,147.00999450683594,147.1300048828125,140.99000549316406,141.32000732421875,227834900
2024-11-20,145.84005737304688,145.88999938964844,147.55999755859375,142.72999572753906,147.41000366210938,309871700
2024-11-21,146.6197967529297,146.6699981689453,152.88999938964844,140.6999969482422,149.35000610351562,400946600
2024-11-22,141.90139770507812,141.9499969482422,147.16000366210938,141.10000610351562,145.92999267578125,236406200
2024-11-25,135.9734344482422,136.02000427246094,142.0500030517578,135.82000732421875,141.99000549316406,344941900
2024-11-26,136.8731231689453,136.9199981689453,139.3000030517578,135.6699981689453,137.6999969482422,190287700
2024-11-27,135.2936553955078,135.33999633789062,137.22000122070312,131.8000030517578,135.00999450683594,226370900
2024-11-29,138.2026824951172,138.25,139.35000610351562,136.0500030517578,136.77999877929688,141863200
2024-12-02,138.58253479003906,138.6300048828125,140.4499969482422,137.82000732421875,138.8300018310547,171682800
2024-12-03,140.2119903564453,140.25999450683594,140.5399932861328,137.9499969482422,138.25999450683594,164414000
2024-12-04,145.09031677246094,145.13999938964844,145.7899932861328,140.2899932861328,142.0,231224300
2024-12-05,145.0203399658203,145.05999755859375,146.5399932861328,143.9499969482422,145.11000061035156,172621200
2024-12-06,142.40106201171875,142.44000244140625,145.6999969482422,141.30999755859375,144.60000610351562,188505600
2024-12-09,138.77203369140625,138.80999755859375,139.9499969482422,137.1300048828125,138.97000122070312,189308600
2024-12-10,135.03306579589844,135.07000732421875,141.82000732421875,133.7899932861328,139.00999450683594,210020900
2024-12-11,139.2718963623047,139.30999755859375,140.1699981689453,135.2100067138672,137.36000061035156,184905200
2024-12-12,137.3024444580078,137.33999633789062,138.44000244140625,135.8000030517578,137.0800018310547,159211400
2024-12-13,134.21328735351562,134.25,139.60000610351562,132.5399932861328,138.94000244140625,231514900
2024-12-16,131.96388244628906,132.0,134.39999389648438,130.4199981689453,134.17999267578125,237951100
2024-12-17,130.35433959960938,130.38999938964844,131.58999633789062,126.86000061035156,129.08999633789062,259410300
2024-12-18,128.874755859375,128.91000366210938,136.6999969482422,128.27999877929688,133.86000061035156,277444500
2024-12-19,130.6442413330078,130.67999267578125,134.02999877929688,129.5500030517578,131.75999450683594,209719200
2024-12-20,134.6631622314453,134.6999969482422,135.27999877929688,128.22000122070312,129.80999755859375,306528600
2024-12-23,139.63180541992188,139.6699981689453,139.7899932861328,135.1199951171875,136.27999877929688,176053500
2024-12-24,140.18165588378906,140.22000122070312,141.89999389648438,138.64999389648438,140.0,105157000
2024-12-26,139.8917236328125,139.92999267578125,140.85000610351562,137.72999572753906,139.6999969482422,116205600
2024-12-27,136.9725341796875,137.00999450683594,139.02000427246094,134.7100067138672,138.5500030517578,170582600
2024-12-30,137.452392578125,137.49000549316406,140.27000427246094,134.02000427246094,134.8300018310547,167734700
