date,cash,holdings_value,total_value,AAPL_shares,MSFT_shares,GOOGL_shares,NVDA_shares
2022-01-03,10000.0,0.0,10000.0,0.0,0.0,0.0,0.0
2022-01-04,10000.0,0.0,10000.0,0.0,0.0,0.0,0.0
2022-01-05,10000.0,0.0,10000.0,0.0,0.0,0.0,0.0
2022-01-06,10000.0,0.0,10000.0,0.0,0.0,0.0,0.0
2022-01-07,10000.0,0.0,10000.0,0.0,0.0,0.0,0.0
2022-01-10,10000.0,0.0,10000.0,0.0,0.0,0.0,0.0
2022-01-11,10000.0,0.0,10000.0,0.0,0.0,0.0,0.0
2022-01-12,10000.0,0.0,10000.0,0.0,0.0,0.0,0.0
2022-01-13,10000.0,0.0,10000.0,0.0,0.0,0.0,0.0
2022-01-14,10000.0,0.0,10000.0,0.0,0.0,0.0,0.0
2022-01-18,10000.0,0.0,10000.0,0.0,0.0,0.0,0.0
2022-01-19,10000.0,0.0,10000.0,0.0,0.0,0.0,0.0
2022-01-20,10000.0,0.0,10000.0,0.0,0.0,0.0,0.0
2022-01-21,10000.0,0.0,10000.0,0.0,0.0,0.0,0.0
2022-01-24,10000.0,0.0,10000.0,0.0,0.0,0.0,0.0
2022-01-25,10000.0,0.0,10000.0,0.0,0.0,0.0,0.0
2022-01-26,10000.0,0.0,10000.0,0.0,0.0,0.0,0.0
2022-01-27,10000.0,0.0,10000.0,0.0,0.0,0.0,0.0
2022-01-28,10000.0,0.0,10000.0,0.0,0.0,0.0,0.0
2022-01-31,10000.0,0.0,10000.0,0.0,0.0,0.0,0.0
2022-02-01,10000.0,0.0,10000.0,0.0,0.0,0.0,0.0
2022-02-02,10000.0,0.0,10000.0,0.0,0.0,0.0,0.0
2022-02-03,10000.0,0.0,10000.0,0.0,0.0,0.0,0.0
2022-02-04,10000.0,0.0,10000.0,0.0,0.0,0.0,0.0
2022-02-07,10000.0,0.0,10000.0,0.0,0.0,0.0,0.0
2022-02-08,10000.0,0.0,10000.0,0.0,0.0,0.0,0.0
2022-02-09,10000.0,0.0,10000.0,0.0,0.0,0.0,0.0
2022-02-10,10000.0,0.0,10000.0,0.0,0.0,0.0,0.0
2022-02-11,10000.0,0.0,10000.0,0.0,0.0,0.0,0.0
2022-02-14,10000.0,0.0,10000.0,0.0,0.0,0.0,0.0
2022-02-15,4204.299907684326,5795.700092315674,10000.0,0.0,11.0,0.0,94.0
2022-02-16,4204.299907684326,5786.53396987915,9990.833877563477,0.0,11.0,0.0,94.0
2022-02-17,3022.1398735046387,6683.8481521606445,9705.988025665283,7.0,11.0,0.0,94.0
2022-02-18,3022.1398735046387,6560.677959442139,9582.817832946777,7.0,11.0,0.0,94.0
2022-02-22,3022.1398735046387,6513.820007324219,9535.959880828857,7.0,11.0,0.0,94.0
2022-02-23,2061.719829559326,7268.257892608643,9329.977722167969,13.0,11.0,0.0,94.0
2022-02-24,2061.719829559326,7588.421955108643,9650.141784667969,13.0,11.0,0.0,94.0
2022-02-25,4204.769908905029,5541.167934417724,9745.937843322754,0.0,11.0,0.0,94.0
2022-02-28,4204.769908905029,5578.880115509033,9783.650024414062,0.0,11.0,0.0,94.0
2022-03-01,2899.169933319092,6756.888042449951,9656.057975769043,8.0,11.0,0.0,94.0
2022-03-02,4231.649913787842,5578.769962310791,9810.419876098633,0.0,11.0,0.0,94.0
2022-03-03,4231.649913787842,5484.236213684082,9715.886127471924,0.0,11.0,0.0,94.0
2022-03-04,2926.2899284362793,6649.803901672363,9576.093830108643,8.0,11.0,0.0,94.0
2022-03-07,2041.6404151916504,7234.147510528564,9275.787925720215,8.0,11.0,7.0,94.0
2022-03-08,2931.371913909912,6316.186080932617,9247.55799484253,8.0,11.0,0.0,94.0
2022-03-09,2931.371913909912,6640.415969848633,9571.787883758545,8.0,11.0,0.0,94.0
2022-03-10,2931.371913909912,6539.502082824707,9470.87399673462,8.0,11.0,0.0,94.0
2022-03-11,2931.371913909912,6396.010082244873,9327.381996154785,8.0,11.0,0.0,94.0
2022-03-14,2049.7149391174316,7132.476955413818,9182.19189453125,8.0,11.0,7.0,94.0
2022-03-15,2954.1009254455566,6558.83186340332,9512.932788848877,8.0,11.0,0.0,94.0
2022-03-16,2954.1009254455566,6817.634159088135,9771.735084533691,8.0,11.0,0.0,94.0
2022-03-17,2954.1009254455566,6860.384044647217,9814.484970092773,8.0,11.0,0.0,94.0
2022-03-18,4265.940891265869,5791.311836242676,10057.252727508545,0.0,11.0,0.0,94.0
2022-03-21,4265.940891265869,5803.755970001221,10069.69686126709,0.0,11.0,0.0,94.0
2022-03-22,4265.940891265869,5837.915988922119,10103.856880187988,0.0,11.0,0.0,94.0
2022-03-23,4265.940891265869,5703.98596572876,9969.926856994629,0.0,11.0,0.0,94.0
2022-03-24,4265.940891265869,5991.200031280518,10257.140922546387,0.0,11.0,0.0,94.0
2022-03-25,4265.940891265869,5943.527866363525,10209.468757629395,0.0,11.0,0.0,94.0
2022-03-28,4265.940891265869,6070.286121368408,10336.227012634277,0.0,11.0,0.0,94.0
2022-03-29,7735.450931549072,2693.6640129089355,10429.114944458008,0.0,0.0,0.0,94.0
2022-03-30,7735.450931549072,2602.860050201416,10338.310981750488,0.0,0.0,0.0,94.0
2022-03-31,5268.970951080322,5031.363914489746,10300.334865570068,0.0,8.0,0.0,94.0
2022-04-01,5268.970951080322,4986.288097381592,10255.259048461914,0.0,8.0,0.0,94.0
2022-04-04,7788.730960845947,2571.8400573730464,10360.571018218994,0.0,0.0,0.0,94.0
2022-04-05,5301.690921783447,4924.554016113281,10226.244937896729,0.0,8.0,0.0,94.0
2022-04-06,5301.690921783447,4690.257961273193,9991.94888305664,0.0,8.0,0.0,94.0
2022-04-07,5301.690921783447,4686.511978149414,9988.202899932861,0.0,8.0,0.0,94.0
2022-04-08,3770.8809547424316,6079.755928039551,9850.636882781982,9.0,8.0,0.0,94.0
2022-04-11,3770.8809547424316,5834.028060913086,9604.909015655518,9.0,8.0,0.0,94.0
2022-04-12,3770.8809547424316,5786.795986175537,9557.676940917969,9.0,8.0,0.0,94.0
2022-04-13,3770.8809547424316,5921.641822814941,9692.522777557373,9.0,8.0,0.0,94.0
2022-04-14,2630.3109245300293,6865.071807861328,9495.382732391357,9.0,8.0,9.0,94.0
2022-04-18,3779.3994102478027,5777.392066955566,9556.79147720337,9.0,8.0,0.0,94.0
2022-04-19,3779.3994102478027,5875.611843109131,9655.011253356934,9.0,8.0,0.0,94.0
2022-04-20,3779.3994102478027,5815.2578773498535,9594.657287597656,9.0,8.0,0.0,94.0
2022-04-21,2656.068920135498,6764.792507171631,9420.861427307129,9.0,8.0,9.0,94.0
2022-04-22,1248.941463470459,7966.6068115234375,9215.548274993896,14.0,8.0,14.0,94.0
2022-04-25,2971.9774284362793,6396.868118286133,9368.845546722412,14.0,8.0,0.0,94.0
2022-04-26,2022.777416229248,7072.232074737549,9095.009490966797,14.0,8.0,8.0,94.0
2022-04-27,2022.777416229248,7103.106216430664,9125.883632659912,14.0,8.0,8.0,94.0
2022-04-28,2022.777416229248,7415.687984466553,9438.4654006958,14.0,8.0,8.0,94.0
2022-04-29,2022.777416229248,7083.553886413574,9106.331302642822,14.0,8.0,8.0,94.0
2022-05-02,2022.777416229248,7255.966194152832,9278.74361038208,14.0,8.0,8.0,94.0
2022-05-03,2022.777416229248,7268.219860076904,9290.997276306152,14.0,8.0,8.0,94.0
2022-05-04,5325.145488739014,4231.236053466797,9556.38154220581,0.0,8.0,0.0,94.0
2022-05-05,2278.850429534912,7036.431095123291,9315.281524658203,12.0,8.0,10.0,94.0
2022-05-06,2278.850429534912,6998.1149826049805,9276.965412139893,12.0,8.0,10.0,94.0
2022-05-09,2278.850429534912,6659.769950866699,8938.620380401611,12.0,8.0,10.0,94.0
2022-05-10,2278.850429534912,6807.999835968018,9086.85026550293,12.0,8.0,10.0,94.0
2022-05-11,2278.850429534912,6541.644832611084,8820.495262145996,12.0,8.0,10.0,94.0
2022-05-12,2278.850429534912,6402.409965515137,8681.260395050049,12.0,8.0,10.0,94.0
2022-05-13,2278.850429534912,6679.148899078369,8957.999328613281,12.0,8.0,10.0,94.0
2022-05-16,2278.850429534912,6605.745910644531,8884.596340179443,12.0,8.0,10.0,94.0
2022-05-17,2278.850429534912,6798.808124542236,9077.658554077148,12.0,8.0,10.0,94.0
2022-05-18,2278.850429534912,6433.64705657959,8712.497486114502,12.0,8.0,10.0,94.0
2022-05-19,2278.850429534912,6386.816146850586,8665.666576385498,12.0,8.0,10.0,94.0
2022-05-20,2278.850429534912,6329.875930786133,8608.726360321045,12.0,8.0,10.0,94.0
2022-05-23,2278.850429534912,6505.812015533447,8784.66244506836,12.0,8.0,10.0,94.0
2022-05-24,2278.850429534912,6339.455917358398,8618.30634689331,12.0,8.0,10.0,94.0
2022-05-25,2278.850429534912,6440.100002288818,8718.95043182373,12.0,8.0,10.0,94.0
2022-05-26,2278.850429534912,6608.478954315186,8887.329383850098,12.0,8.0,10.0,94.0
2022-05-27,2278.850429534912,6872.998970031738,9151.84939956665,12.0,8.0,10.0,94.0
2022-05-31,2278.850429534912,6853.828010559082,9132.678440093994,12.0,8.0,10.0,94.0
2022-06-01,2278.850429534912,6824.880142211914,9103.730571746826,12.0,8.0,10.0,94.0
2022-06-02,2278.850429534912,7029.032859802246,9307.883289337158,12.0,8.0,10.0,94.0
2022-06-03,2278.850429534912,6809.809909820557,9088.660339355469,12.0,8.0,10.0,94.0
2022-06-06,2278.850429534912,6837.76895904541,9116.619388580322,12.0,8.0,10.0,94.0
2022-06-07,2278.850429534912,6915.059116363525,9193.909545898438,12.0,8.0,10.0,94.0
2022-06-08,2278.850429534912,6863.652179718018,9142.50260925293,12.0,8.0,10.0,94.0
2022-06-09,2278.850429534912,6674.867118835449,8953.717548370361,12.0,8.0,10.0,94.0
2022-06-10,2278.850429534912,6376.651180267334,8655.501609802246,12.0,8.0,10.0,94.0
2022-06-13,2278.850429534912,6055.383062362671,8334.233491897583,12.0,8.0,10.0,94.0
2022-06-14,2278.850429534912,6104.7790184021,8383.629447937012,12.0,8.0,10.0,94.0
2022-06-15,2278.850429534912,6290.422943115234,8569.273372650146,12.0,8.0,10.0,94.0
2022-06-16,2278.850429534912,6047.308971405029,8326.159400939941,12.0,8.0,10.0,94.0
2022-06-17,2278.850429534912,6124.074945449829,8402.925374984741,12.0,8.0,10.0,94.0
2022-06-21,2278.850429534912,6333.0039710998535,8611.854400634766,12.0,8.0,10.0,94.0
2022-06-22,2278.850429534912,6301.9552001953125,8580.805629730225,12.0,8.0,10.0,94.0
2022-06-23,2278.850429534912,6377.689937591553,8656.540367126465,12.0,8.0,10.0,94.0
2022-06-24,2278.850429534912,6631.114074707031,8909.964504241943,12.0,8.0,10.0,94.0
2022-06-27,2278.850429534912,6563.061149597168,8841.91157913208,12.0,8.0,10.0,94.0
2022-06-28,2278.850429534912,6323.503147125244,8602.353576660156,12.0,8.0,10.0,94.0
2022-06-29,2278.850429534912,6330.803009033203,8609.653438568115,12.0,8.0,10.0,94.0
2022-06-30,2278.850429534912,6209.855918884277,8488.70634841919,12.0,8.0,10.0,94.0
2022-07-01,2278.850429534912,6196.3368129730225,8475.187242507935,12.0,8.0,10.0,94.0
2022-07-05,2278.850429534912,6340.766000747681,8619.616430282593,12.0,8.0,10.0,94.0
2022-07-06,2278.850429534912,6412.659906387329,8691.510335922241,12.0,8.0,10.0,94.0
2022-07-07,2278.850429534912,6581.881977081299,8860.732406616211,12.0,8.0,10.0,94.0
2022-07-08,2278.850429534912,6588.0669803619385,8866.91740989685,12.0,8.0,10.0,94.0
2022-07-11,2278.850429534912,6435.573043823242,8714.423473358154,12.0,8.0,10.0,94.0
2022-07-12,2278.850429534912,6337.592973709106,8616.443403244019,12.0,8.0,10.0,94.0
2022-07-13,2278.850429534912,6306.591037750244,8585.441467285156,12.0,8.0,10.0,94.0
2022-07-14,2278.850429534912,6362.923007965088,8641.7734375,12.0,8.0,10.0,94.0
2022-07-15,2278.850429534912,6455.202959060669,8734.053388595581,12.0,8.0,10.0,94.0
2022-07-18,2278.850429534912,6402.634059906006,8681.484489440918,12.0,8.0,10.0,94.0
2022-07-19,2278.850429534912,6623.588020324707,8902.43844985962,12.0,8.0,10.0,94.0
2022-07-20,2278.850429534912,6747.497772216797,9026.348201751709,12.0,8.0,10.0,94.0
2022-07-21,2278.850429534912,6823.01993560791,9101.870365142822,12.0,8.0,10.0,94.0
2022-07-22,2278.850429534912,6638.945877075195,8917.796306610107,12.0,8.0,10.0,94.0
2022-07-25,2278.850429534912,6581.395893096924,8860.246322631836,12.0,8.0,10.0,94.0
2022-07-26,2278.850429534912,6438.702079772949,8717.552509307861,12.0,8.0,10.0,94.0
2022-07-27,2278.850429534912,6834.259902954102,9113.110332489014,12.0,8.0,10.0,94.0
2022-07-28,2278.850429534912,6932.176044464111,9211.026473999023,12.0,8.0,10.0,94.0
2022-07-29,2278.850429534912,7066.561862945557,9345.412292480469,12.0,8.0,10.0,94.0
2022-08-01,2278.850429534912,7044.254016876221,9323.104446411133,12.0,8.0,10.0,94.0
2022-08-02,2278.850429534912,7011.423877716064,9290.274307250977,12.0,8.0,10.0,94.0
2022-08-03,4272.410488128662,5216.50199508667,9488.912483215332,0.0,8.0,10.0,94.0
2022-08-04,4272.410488128662,5257.309989929199,9529.720478057861,0.0,8.0,10.0,94.0
2022-08-05,4272.410488128662,5222.946071624756,9495.356559753418,0.0,8.0,10.0,94.0
2022-08-08,4272.410488128662,5088.102020263672,9360.512508392334,0.0,8.0,10.0,94.0
2022-08-09,4272.410488128662,5030.783916473389,9303.19440460205,0.0,8.0,10.0,94.0
2022-08-10,4272.410488128662,5211.398010253906,9483.808498382568,0.0,8.0,10.0,94.0
2022-08-11,4272.410488128662,5171.107822418213,9443.518310546875,0.0,8.0,10.0,94.0
2022-08-12,5489.21049118042,4093.925994873047,9583.136486053467,0.0,8.0,0.0,94.0
2022-08-15,5489.21049118042,4136.767971038818,9625.978462219238,0.0,8.0,0.0,94.0
2022-08-16,5489.21049118042,4116.305904388428,9605.516395568848,0.0,8.0,0.0,94.0
2022-08-17,3695.9604454040527,5847.300018310547,9543.2604637146,0.0,8.0,15.0,94.0
2022-08-18,3695.9604454040527,5888.572147369385,9584.532592773438,0.0,8.0,15.0,94.0
2022-08-19,3695.9604454040527,5725.156024932861,9421.116470336914,0.0,8.0,15.0,94.0
2022-08-22,2690.5404014587402,6542.216049194336,9232.756450653076,6.0,8.0,15.0,94.0
2022-08-23,2690.5404014587402,6537.813980102539,9228.35438156128,6.0,8.0,15.0,94.0
2022-08-24,2690.5404014587402,6535.718109130859,9226.2585105896,6.0,8.0,15.0,94.0
2022-08-25,2690.5404014587402,6684.552074432373,9375.092475891113,6.0,8.0,15.0,94.0
2022-08-26,1872.4404258728027,7128.079883575439,9000.520309448242,11.0,8.0,15.0,94.0
2022-08-29,1872.4404258728027,7023.614080429077,8896.05450630188,11.0,8.0,15.0,94.0
2022-08-30,1872.4404258728027,6939.8621253967285,8812.302551269531,11.0,8.0,15.0,94.0
2022-08-31,1872.4404258728027,6863.316028594971,8735.756454467773,11.0,8.0,15.0,94.0
2022-09-01,1872.4404258728027,6776.938018798828,8649.37844467163,11.0,8.0,15.0,94.0
2022-09-02,1872.4404258728027,6662.957960128784,8535.398386001587,11.0,8.0,15.0,94.0
2022-09-06,1872.4404258728027,6593.689964294434,8466.130390167236,11.0,8.0,15.0,94.0
2022-09-07,1872.4404258728027,6711.145975112915,8583.586400985718,11.0,8.0,15.0,94.0
2022-09-08,1872.4404258728027,6707.979923248291,8580.420349121094,11.0,8.0,15.0,94.0
2022-09-09,1872.4404258728027,6858.877908706665,8731.318334579468,11.0,8.0,15.0,94.0
2022-09-12,1872.4404258728027,6957.2998905181885,8829.740316390991,11.0,8.0,15.0,94.0
2022-09-13,1872.4404258728027,6507.273958206177,8379.71438407898,11.0,8.0,15.0,94.0
2022-09-14,1872.4404258728027,6535.202007293701,8407.642433166504,11.0,8.0,15.0,94.0
2022-09-15,1872.4404258728027,6398.086030960083,8270.526456832886,11.0,8.0,15.0,94.0
2022-09-16,1872.4404258728027,6398.232051849365,8270.672477722168,11.0,8.0,15.0,94.0
2022-09-19,1872.4404258728027,6459.397979736328,8331.83840560913,11.0,8.0,15.0,94.0
2022-09-20,1872.4404258728027,6421.143865585327,8293.58429145813,11.0,8.0,15.0,94.0
2022-09-21,1872.4404258728027,6338.253940582275,8210.694366455078,11.0,8.0,15.0,94.0
2022-09-22,1872.4404258728027,6290.814004898071,8163.254430770874,11.0,8.0,15.0,94.0
2022-09-23,1872.4404258728027,6215.693853378296,8088.134279251099,11.0,8.0,15.0,94.0
2022-09-26,1872.4404258728027,6180.051965713501,8052.492391586304,11.0,8.0,15.0,94.0
2022-09-27,1872.4404258728027,6189.9619789123535,8062.402404785156,11.0,8.0,15.0,94.0
2022-09-28,1872.4404258728027,6274.734069824219,8147.1744956970215,11.0,8.0,15.0,94.0
2022-09-29,1872.4404258728027,6077.259950637817,7949.70037651062,11.0,8.0,15.0,94.0
2022-09-30,1872.4404258728027,5959.215934753418,7831.656360626221,11.0,8.0,15.0,94.0
2022-10-03,1872.4404258728027,6148.598009109497,8021.0384349823,11.0,8.0,15.0,94.0
2022-10-04,1872.4404258728027,6360.438079833984,8232.878505706787,11.0,8.0,15.0,94.0
2022-10-05,1872.4404258728027,6367.095878601074,8239.536304473877,11.0,8.0,15.0,94.0
2022-10-06,1872.4404258728027,6329.569849014282,8202.010274887085,11.0,8.0,15.0,94.0
2022-10-07,1872.4404258728027,6030.2540283203125,7902.694454193115,11.0,8.0,15.0,94.0
2022-10-10,1872.4404258728027,5943.499996185303,7815.9404220581055,11.0,8.0,15.0,94.0
2022-10-11,1872.4404258728027,5878.8440284729,7751.284454345703,11.0,8.0,15.0,94.0
2022-10-12,1872.4404258728027,5872.139923095703,7744.580348968506,11.0,8.0,15.0,94.0
2022-10-13,1872.4404258728027,6056.950071334839,7929.390497207642,11.0,8.0,15.0,94.0
2022-10-14,1872.4404258728027,5854.398019790649,7726.838445663452,11.0,8.0,15.0,94.0
2022-10-17,1872.4404258728027,6083.772005081177,7956.2124309539795,11.0,8.0,15.0,94.0
2022-10-18,1872.4404258728027,6125.697950363159,7998.138376235962,11.0,8.0,15.0,94.0
2022-10-19,1872.4404258728027,6101.543897628783,7973.984323501586,11.0,8.0,15.0,94.0
2022-10-20,1872.4404258728027,6112.275985717773,7984.716411590576,11.0,8.0,15.0,94.0
2022-10-21,1872.4404258728027,6245.683929443359,8118.124355316162,11.0,8.0,15.0,94.0
2022-10-24,1872.4404258728027,6344.055913925171,8216.496339797974,11.0,8.0,15.0,94.0
2022-10-25,1872.4404258728027,6494.754009246826,8367.194435119629,11.0,8.0,15.0,94.0
2022-10-26,1872.4404258728027,6129.584121704102,8002.024547576904,11.0,8.0,15.0,94.0
2022-10-27,1872.4404258728027,6028.644018173218,7901.0844440460205,11.0,8.0,15.0,94.0
2022-10-28,1872.4404258728027,6344.846000671387,8217.28642654419,11.0,8.0,15.0,94.0
2022-10-31,1872.4404258728027,6230.148006439209,8102.588432312012,11.0,8.0,15.0,94.0
2022-11-01,1872.4404258728027,6112.601957321167,7985.04238319397,11.0,8.0,15.0,94.0
2022-11-02,1872.4404258728027,5903.266040802002,7775.706466674805,11.0,8.0,15.0,94.0
2022-11-03,1872.4404258728027,5754.704013824463,7627.144439697266,11.0,8.0,15.0,94.0
2022-11-04,1872.4404258728027,5922.664089202881,7795.104515075684,11.0,8.0,15.0,94.0
2022-11-07,1872.4404258728027,6022.723875045776,7895.164300918579,11.0,8.0,15.0,94.0
2022-11-08,1872.4404258728027,6071.548006057739,7943.988431930542,11.0,8.0,15.0,94.0
2022-11-09,1872.4404258728027,5884.3938999176025,7756.834325790405,11.0,8.0,15.0,94.0
2022-11-10,1872.4404258728027,6449.009948730469,8321.450374603271,11.0,8.0,15.0,94.0
2022-11-11,1872.4404258728027,6604.467994689941,8476.908420562744,11.0,8.0,15.0,94.0
2022-11-14,1872.4404258728027,6530.709972381592,8403.150398254395,11.0,8.0,15.0,94.0
2022-11-15,1872.4404258728027,6629.404006958008,8501.84443283081,11.0,8.0,15.0,94.0
2022-11-16,1872.4404258728027,6548.819854736328,8421.26028060913,11.0,8.0,15.0,94.0
2022-11-17,1872.4404258728027,6540.397968292236,8412.838394165039,11.0,8.0,15.0,94.0
2022-11-18,1872.4404258728027,6503.845977783203,8376.286403656006,11.0,8.0,15.0,94.0
2022-11-21,1872.4404258728027,6438.307977676392,8310.748403549194,11.0,8.0,15.0,94.0
2022-11-22,1872.4404258728027,6575.541965484619,8447.982391357422,11.0,8.0,15.0,94.0
2022-11-23,1872.4404258728027,6672.095996856689,8544.536422729492,11.0,8.0,15.0,94.0
2022-11-25,1872.4404258728027,6600.410079956055,8472.850505828857,11.0,8.0,15.0,94.0
2022-11-28,1872.4404258728027,6448.987983703613,8321.428409576416,11.0,8.0,15.0,94.0
2022-11-29,1872.4404258728027,6373.426025390625,8245.866451263428,11.0,8.0,15.0,94.0
2022-11-30,1872.4404258728027,6775.061981201172,8647.502407073975,11.0,8.0,15.0,94.0
2022-12-01,1872.4404258728027,6794.469982147217,8666.91040802002,11.0,8.0,15.0,94.0
2022-12-02,1872.4404258728027,6759.01399230957,8631.454418182373,11.0,8.0,15.0,94.0
2022-12-05,1872.4404258728027,6668.070137023926,8540.510562896729,11.0,8.0,15.0,94.0
2022-12-06,1872.4404258728027,6490.448095321655,8362.888521194458,11.0,8.0,15.0,94.0
2022-12-07,1872.4404258728027,6444.680103302002,8317.120529174805,11.0,8.0,15.0,94.0
2022-12-08,1872.4404258728027,6567.885929107666,8440.326354980469,11.0,8.0,15.0,94.0
2022-12-09,1872.4404258728027,6517.664001464844,8390.104427337646,11.0,8.0,15.0,94.0
2022-12-12,1872.4404258728027,6657.409965515137,8529.85039138794,11.0,8.0,15.0,94.0
2022-12-13,1872.4404258728027,6788.748126983643,8661.188552856445,11.0,8.0,15.0,94.0
2022-12-14,1872.4404258728027,6720.476058959961,8592.916484832764,11.0,8.0,15.0,94.0
2022-12-15,1872.4404258728027,6449.967933654785,8322.408359527588,11.0,8.0,15.0,94.0
2022-12-16,1872.4404258728027,6348.703910827637,8221.14433670044,11.0,8.0,15.0,94.0
2022-12-19,1872.4404258728027,6234.1459312438965,8106.586357116699,11.0,8.0,15.0,94.0
2022-12-20,1872.4404258728027,6236.989921569824,8109.430347442627,11.0,8.0,15.0,94.0
2022-12-21,1872.4404258728027,6340.183883666992,8212.624309539795,11.0,8.0,15.0,94.0
2022-12-22,1872.4404258728027,6118.315980911255,7990.756406784058,11.0,8.0,15.0,94.0
2022-12-23,1872.4404258728027,6128.114053726196,8000.554479598999,11.0,8.0,15.0,94.0
2022-12-27,1872.4404258728027,5964.234058380127,7836.67448425293,11.0,8.0,15.0,94.0
2022-12-28,1872.4404258728027,5872.363973617554,7744.804399490356,11.0,8.0,15.0,94.0
2022-12-29,1872.4404258728027,6053.221887588501,7925.662313461304,11.0,8.0,15.0,94.0
2022-12-30,1872.4404258728027,6044.956058502197,7917.396484375,11.0,8.0,15.0,94.0
2023-01-03,1872.4404258728027,5974.820013046265,7847.260438919067,11.0,8.0,15.0,94.0
2023-01-04,1872.4404258728027,5930.366044998169,7802.806470870972,11.0,8.0,15.0,94.0
2023-01-05,1872.4404258728027,5787.609930038452,7660.050355911255,11.0,8.0,15.0,94.0
2023-01-06,1872.4404258728027,5932.105852127075,7804.546277999878,11.0,8.0,15.0,94.0
2023-01-09,1872.4404258728027,6037.941867828369,7910.382293701172,11.0,8.0,15.0,94.0
2023-01-10,1872.4404258728027,6090.576011657715,7963.016437530518,11.0,8.0,15.0,94.0
2023-01-11,1872.4404258728027,6231.443992614746,8103.884418487549,11.0,8.0,15.0,94.0
2023-01-12,1872.4404258728027,6294.573925018311,8167.014350891113,11.0,8.0,15.0,94.0
2023-01-13,1872.4404258728027,6366.505962371826,8238.946388244629,11.0,8.0,15.0,94.0
2023-01-17,1872.4404258728027,6451.478057861328,8323.91848373413,11.0,8.0,15.0,94.0
2023-01-18,1872.4404258728027,6374.028171539307,8246.46859741211,11.0,8.0,15.0,94.0
2023-01-19,1872.4404258728027,6315.069976806641,8187.510402679443,11.0,8.0,15.0,94.0
2023-01-20,1872.4404258728027,6585.4959716796875,8457.93639755249,11.0,8.0,15.0,94.0
2023-01-23,1872.4404258728027,6793.842109680176,8666.282535552979,11.0,8.0,15.0,94.0
2023-01-24,1872.4404258728027,6780.559829711914,8653.000255584717,11.0,8.0,15.0,94.0
2023-01-25,1872.4404258728027,6730.002025604248,8602.44245147705,11.0,8.0,15.0,94.0
2023-01-26,1872.4404258728027,6891.748027801514,8764.188453674316,11.0,8.0,15.0,94.0
2023-01-27,1872.4404258728027,6995.369968414307,8867.81039428711,11.0,8.0,15.0,94.0
2023-01-30,1872.4404258728027,6770.008152008057,8642.44857788086,11.0,8.0,15.0,94.0
2023-01-31,1872.4404258728027,6888.747913360596,8761.188339233398,11.0,8.0,15.0,94.0
2023-02-01,1872.4404258728027,7096.821998596191,8969.262424468994,11.0,8.0,15.0,94.0
2023-02-02,1872.4404258728027,7432.566062927246,9305.006488800049,11.0,8.0,15.0,94.0
2023-02-03,1872.4404258728027,7321.400066375732,9193.840492248535,11.0,8.0,15.0,94.0
2023-02-06,1872.4404258728027,7249.055953979492,9121.496379852295,11.0,8.0,15.0,94.0
2023-02-07,1872.4404258728027,7540.4919357299805,9412.932361602783,11.0,8.0,15.0,94.0
2023-02-08,1872.4404258728027,7382.780101776123,9255.220527648926,11.0,8.0,15.0,94.0
2023-02-09,1872.4404258728027,7293.357929229737,9165.798355102539,11.0,8.0,15.0,94.0
2023-02-10,1872.4404258728027,7183.369926452637,9055.81035232544,11.0,8.0,15.0,94.0
2023-02-13,1872.4404258728027,7330.1321449279785,9202.572570800781,11.0,8.0,15.0,94.0
2023-02-14,1872.4404258728027,7442.034141540527,9314.47456741333,11.0,8.0,15.0,94.0
2023-02-15,1872.4404258728027,7457.106109619141,9329.546535491943,11.0,8.0,15.0,94.0
2023-02-16,1872.4404258728027,7288.848133087158,9161.288558959961,11.0,8.0,15.0,94.0
2023-02-17,1872.4404258728027,7168.25203704834,9040.692462921143,11.0,8.0,15.0,94.0
2023-02-21,1872.4404258728027,6973.06001663208,8845.500442504883,11.0,8.0,15.0,94.0
2023-02-22,1872.4404258728027,6975.715991973877,8848.15641784668,11.0,8.0,15.0,94.0
2023-02-23,1872.4404258728027,7269.325916290283,9141.766342163086,11.0,8.0,15.0,94.0
2023-02-24,1872.4404258728027,7133.40397644043,9005.844402313232,11.0,8.0,15.0,94.0
2023-02-27,1872.4404258728027,7185.543998718262,9057.984424591064,11.0,8.0,15.0,94.0
2023-02-28,1872.4404258728027,7150.073951721191,9022.514377593994,11.0,8.0,15.0,94.0
2023-03-01,1872.4404258728027,7057.582012176514,8930.022438049316,11.0,8.0,15.0,94.0
2023-03-02,1872.4404258728027,7185.405967712402,9057.846393585205,11.0,8.0,15.0,94.0
2023-03-03,1872.4404258728027,7354.059898376465,9226.500324249268,11.0,8.0,15.0,94.0
2023-03-06,1872.4404258728027,7388.116020202637,9260.55644607544,11.0,8.0,15.0,94.0
2023-03-07,1872.4404258728027,7297.7720375061035,9170.212463378906,11.0,8.0,15.0,94.0
2023-03-08,1872.4404258728027,7397.933898925781,9270.374324798584,11.0,8.0,15.0,94.0
2023-03-09,1872.4404258728027,7262.834091186523,9135.274517059326,11.0,8.0,15.0,94.0
2023-03-10,1872.4404258728027,7140.379943847656,9012.820369720459,11.0,8.0,15.0,94.0
2023-03-13,1872.4404258728027,7211.98397064209,9084.424396514893,11.0,8.0,15.0,94.0
2023-03-14,1872.4404258728027,7436.282020568848,9308.72244644165,11.0,8.0,15.0,94.0
2023-03-15,1872.4404258728027,7525.492149353027,9397.93257522583,11.0,8.0,15.0,94.0
2023-03-16,1872.4404258728027,7829.604194641113,9702.044620513916,11.0,8.0,15.0,94.0
2023-03-17,1872.4404258728027,7882.890018463135,9755.330444335938,11.0,8.0,15.0,94.0
2023-03-20,1872.4404258728027,7862.140003204346,9734.580429077148,11.0,8.0,15.0,94.0
2023-03-21,1872.4404258728027,7978.8258934021,9851.266319274902,11.0,8.0,15.0,94.0
2023-03-22,1872.4404258728027,7952.992168426514,9825.432594299316,11.0,8.0,15.0,94.0
2023-03-23,1872.4404258728027,8109.463924407959,9981.904350280762,11.0,8.0,15.0,94.0
2023-03-24,1872.4404258728027,8106.136032104492,9978.576457977295,11.0,8.0,15.0,94.0
2023-03-27,1872.4404258728027,7982.934024810791,9855.374450683594,11.0,8.0,15.0,94.0
2023-03-28,1872.4404258728027,7933.9799880981445,9806.420413970947,11.0,8.0,15.0,94.0
2023-03-29,1872.4404258728027,8069.896045684814,9942.336471557617,11.0,8.0,15.0,94.0
2023-03-30,1872.4404258728027,8145.711845397949,10018.152271270752,11.0,8.0,15.0,94.0
2023-03-31,3686.340358734131,6473.387992858887,10159.728351593018,0.0,8.0,15.0,94.0
2023-04-03,3686.340358734131,6491.95011138916,10178.290470123291,0.0,8.0,15.0,94.0
2023-04-04,3686.340358734131,6448.821876525879,10135.16223526001,0.0,8.0,15.0,94.0
2023-04-05,2540.0203971862793,7514.903999328613,10054.924396514893,7.0,8.0,15.0,94.0
2023-04-06,3692.640422821045,6500.57808303833,10193.218505859375,0.0,8.0,15.0,94.0
2023-04-10,2558.430431365967,7638.356189727783,10196.78662109375,7.0,8.0,15.0,94.0
2023-04-11,2558.430431365967,7522.375949859619,10080.806381225586,7.0,8.0,15.0,94.0
2023-04-12,2558.430431365967,7448.750034332275,10007.180465698242,7.0,8.0,15.0,94.0
2023-04-13,3717.350414276123,6417.691913604736,10135.04232788086,0.0,8.0,15.0,94.0
2023-04-14,3717.350414276123,6437.422103881836,10154.772518157959,0.0,8.0,15.0,94.0
2023-04-17,3717.350414276123,6438.137996673584,10155.488410949707,0.0,8.0,15.0,94.0
2023-04-18,3717.350414276123,6475.157943725586,10192.508358001709,0.0,8.0,15.0,94.0
2023-04-19,3717.350414276123,6495.814079284668,10213.164493560791,0.0,8.0,15.0,94.0
2023-04-20,3717.350414276123,6416.005905151367,10133.35631942749,0.0,8.0,15.0,94.0
2023-04-21,3717.350414276123,6416.416084289551,10133.766498565674,0.0,8.0,15.0,94.0
2023-04-24,3717.350414276123,6385.657913208008,10103.00832748413,0.0,8.0,15.0,94.0
2023-04-25,2570.9603843688965,7374.154041290283,9945.11442565918,7.0,8.0,15.0,94.0
2023-04-26,2570.9603843688965,7598.793849945068,10169.754234313965,7.0,8.0,15.0,94.0
2023-04-27,3749.830410003662,6611.7338218688965,10361.564231872559,0.0,8.0,15.0,94.0
2023-04-28,3749.830410003662,6676.586074829102,10426.416484832764,0.0,8.0,15.0,94.0
2023-05-01,3749.830410003662,6770.019920349121,10519.850330352783,0.0,8.0,15.0,94.0
2023-05-02,3749.830410003662,6674.819938659668,10424.65034866333,0.0,8.0,15.0,94.0
2023-05-03,3749.830410003662,6629.738010406494,10379.568420410156,0.0,8.0,15.0,94.0
2023-05-04,3749.830410003662,6604.45809173584,10354.288501739502,0.0,8.0,15.0,94.0
2023-05-05,3749.830410003662,6764.669975280762,10514.500385284424,0.0,8.0,15.0,94.0
2023-05-08,3749.830410003662,6825.943813323975,10575.774223327637,0.0,8.0,15.0,94.0
2023-05-09,3749.830410003662,6751.923896789551,10501.754306793213,0.0,8.0,15.0,94.0
2023-05-10,6248.310390472412,4391.440021514893,10639.750411987305,0.0,0.0,15.0,94.0
2023-05-11,4387.650478363037,6295.54182434082,10683.192302703857,0.0,6.0,15.0,94.0
2023-05-12,4387.650478363037,6280.4300537109375,10668.080532073975,0.0,6.0,15.0,94.0
2023-05-15,4387.650478363037,6325.991897583008,10713.642375946045,0.0,6.0,15.0,94.0
2023-05-16,6258.090419769287,4538.671970367432,10796.762390136719,0.0,0.0,15.0,94.0
2023-05-17,6258.090419769287,4649.331897735596,10907.422317504883,0.0,0.0,15.0,94.0
2023-05-18,8100.540447235107,2977.7319526672363,11078.272399902344,0.0,0.0,0.0,94.0
2023-05-19,8100.540447235107,2938.8159942626953,11039.356441497803,0.0,0.0,0.0,94.0
2023-05-22,8100.540447235107,2930.5440559387207,11031.084503173828,0.0,0.0,0.0,94.0
2023-05-23,8100.540447235107,2884.6719741821294,10985.212421417236,0.0,0.0,0.0,94.0
2023-05-24,5561.64041519165,5409.47204208374,10971.11245727539,0.0,0.0,21.0,94.0
2023-05-25,11724.84044265747,0.0,11724.84044265747,0.0,0.0,0.0,0.0
2023-05-26,11724.84044265747,0.0,11724.84044265747,0.0,0.0,0.0,0.0
2023-05-30,11724.84044265747,0.0,11724.84044265747,0.0,0.0,0.0,0.0
2023-05-31,8206.278476715088,3518.561965942383,11724.84044265747,0.0,0.0,0.0,93.0
2023-06-01,11904.88851928711,0.0,11904.88851928711,0.0,0.0,0.0,0.0
2023-06-02,11904.88851928711,0.0,11904.88851928711,0.0,0.0,0.0,0.0
2023-06-05,8301.156387329102,3603.732131958008,11904.88851928711,0.0,0.0,0.0,92.0
2023-06-06,8301.156387329102,3556.167938232422,11857.324325561523,0.0,0.0,0.0,92.0
2023-06-07,2799.9163970947266,8948.939849853516,11748.856246948242,0.0,8.0,14.0,124.0
2023-06-08,10177.236267089844,1709.9599914550781,11887.196258544922,0.0,0.0,14.0,0.0
2023-06-09,10177.236267089844,1711.2200469970703,11888.456314086914,0.0,0.0,14.0,0.0
2023-06-12,10177.236267089844,1730.9599914550781,11908.196258544922,0.0,0.0,14.0,0.0
2023-06-13,10177.236267089844,1733.6200256347654,11910.85629272461,0.0,0.0,14.0,0.0
2023-06-14,10177.236267089844,1731.3799743652346,11908.616241455078,0.0,0.0,14.0,0.0
2023-06-15,10177.236267089844,1751.2599487304688,11928.496215820312,0.0,0.0,14.0,0.0
2023-06-16,10177.236267089844,1729.4199829101562,11906.65625,0.0,0.0,14.0,0.0
2023-06-20,10177.236267089844,1723.3999786376953,11900.636245727539,0.0,0.0,14.0,0.0
2023-06-21,6922.386184692383,4942.550125122069,11864.936309814453,0.0,0.0,41.0,0.0
2023-06-22,11971.536247253418,0.0,11971.536247253418,0.0,0.0,0.0,0.0
2023-06-23,11971.536247253418,0.0,11971.536247253418,0.0,0.0,0.0,0.0
2023-06-26,7947.976371765137,4023.5598754882812,11971.536247253418,0.0,0.0,34.0,0.0
2023-06-27,7947.976371765137,4023.220062255859,11971.196434020996,0.0,0.0,34.0,0.0
2023-06-28,7947.976371765137,4086.1200103759766,12034.096382141113,0.0,0.0,34.0,0.0
2023-06-29,7947.976371765137,4049.399948120117,11997.376319885254,0.0,0.0,34.0,0.0
2023-06-30,7947.976371765137,4069.799896240235,12017.776268005371,0.0,0.0,34.0,0.0
2023-07-03,7947.976371765137,4076.600051879883,12024.57642364502,0.0,0.0,34.0,0.0
2023-07-05,12087.476371765137,0.0,12087.476371765137,0.0,0.0,0.0,0.0
2023-07-06,8123.846351623535,3963.6300201416016,12087.476371765137,0.0,0.0,33.0,0.0
2023-07-07,8123.846351623535,3942.8401107788086,12066.686462402344,0.0,0.0,33.0,0.0
2023-07-10,8123.846351623535,3842.8498992919926,11966.696250915527,0.0,0.0,33.0,0.0
2023-07-11,8123.846351623535,3865.6199798583984,11989.466331481934,0.0,0.0,33.0,0.0
2023-07-12,8123.846351623535,3924.690010070801,12048.536361694336,0.0,0.0,33.0,0.0
2023-07-13,12233.666381835938,0.0,12233.666381835938,0.0,0.0,0.0,0.0
2023-07-14,12233.666381835938,0.0,12233.666381835938,0.0,0.0,0.0,0.0
2023-07-17,12233.666381835938,0.0,12233.666381835938,0.0,0.0,0.0,0.0
2023-07-18,12233.666381835938,0.0,12233.666381835938,0.0,0.0,0.0,0.0
2023-07-19,12233.666381835938,0.0,12233.666381835938,0.0,0.0,0.0,0.0
2023-07-20,8180.866485595703,4052.799896240235,12233.666381835938,0.0,0.0,34.0,0.0
2023-07-21,8180.866485595703,4080.679885864258,12261.546371459961,0.0,0.0,34.0,0.0
2023-07-24,8180.866485595703,4132.019958496094,12312.886444091797,0.0,0.0,34.0,0.0
2023-07-25,12336.006454467773,0.0,12336.006454467773,0.0,0.0,0.0,0.0
2023-07-26,12336.006454467773,0.0,12336.006454467773,0.0,0.0,0.0,0.0
2023-07-27,12336.006454467773,0.0,12336.006454467773,0.0,0.0,0.0,0.0
2023-07-28,12336.006454467773,0.0,12336.006454467773,0.0,0.0,0.0,0.0
2023-07-31,12336.006454467773,0.0,12336.006454467773,0.0,0.0,0.0,0.0
2023-08-01,12336.006454467773,0.0,12336.006454467773,0.0,0.0,0.0,0.0
2023-08-02,12336.006454467773,0.0,12336.006454467773,0.0,0.0,0.0,0.0
2023-08-03,12336.006454467773,0.0,12336.006454467773,0.0,0.0,0.0,0.0
2023-08-04,12336.006454467773,0.0,12336.006454467773,0.0,0.0,0.0,0.0
2023-08-07,12336.006454467773,0.0,12336.006454467773,0.0,0.0,0.0,0.0
2023-08-08,12336.006454467773,0.0,12336.006454467773,0.0,0.0,0.0,0.0
2023-08-09,8791.476333618164,3544.5301208496094,12336.006454467773,0.0,11.0,0.0,0.0
2023-08-10,8791.476333618164,3552.2299194335938,12343.706253051758,0.0,11.0,0.0,0.0
2023-08-11,8791.476333618164,3531.110107421875,12322.586441040039,0.0,11.0,0.0,0.0
2023-08-14,8791.476333618164,3564.4400939941406,12355.916427612305,0.0,11.0,0.0,0.0
2023-08-15,8791.476333618164,3540.4598388671875,12331.936172485352,0.0,11.0,0.0,0.0
2023-08-16,8791.476333618164,3524.399932861328,12315.876266479492,0.0,11.0,0.0,0.0
2023-08-17,8791.476333618164,3485.6800537109375,12277.156387329102,0.0,11.0,0.0,0.0
2023-08-18,8791.476333618164,3481.2801208496094,12272.756454467773,0.0,11.0,0.0,0.0
2023-08-21,8791.476333618164,3540.6800537109375,12332.156387329102,0.0,11.0,0.0,0.0
2023-08-22,8791.476333618164,3547.0599060058594,12338.536239624023,0.0,11.0,0.0,0.0
2023-08-23,12388.476333618164,0.0,12388.476333618164,0.0,0.0,0.0,0.0
2023-08-24,8868.80632019043,3519.6700134277344,12388.476333618164,0.0,11.0,0.0,0.0
2023-08-25,8868.80632019043,3552.7801208496094,12421.586441040039,0.0,11.0,0.0,0.0
2023-08-28,8868.80632019043,3560.7001342773438,12429.506454467773,0.0,11.0,0.0,0.0
2023-08-29,12481.316360473633,0.0,12481.316360473633,0.0,0.0,0.0,0.0
2023-08-30,12481.316360473633,0.0,12481.316360473633,0.0,0.0,0.0,0.0
2023-08-31,12481.316360473633,0.0,12481.316360473633,0.0,0.0,0.0,0.0
2023-09-01,12481.316360473633,0.0,12481.316360473633,0.0,0.0,0.0,0.0
2023-09-05,12481.316360473633,0.0,12481.316360473633,0.0,0.0,0.0,0.0
2023-09-06,12481.316360473633,0.0,12481.316360473633,0.0,0.0,0.0,0.0
2023-09-07,12481.316360473633,0.0,12481.316360473633,0.0,0.0,0.0,0.0
2023-09-08,12481.316360473633,0.0,12481.316360473633,0.0,0.0,0.0,0.0
2023-09-11,12481.316360473633,0.0,12481.316360473633,0.0,0.0,0.0,0.0
2023-09-12,12481.316360473633,0.0,12481.316360473633,0.0,0.0,0.0,0.0
2023-09-13,12481.316360473633,0.0,12481.316360473633,0.0,0.0,0.0,0.0
2023-09-14,12481.316360473633,0.0,12481.316360473633,0.0,0.0,0.0,0.0
2023-09-15,12481.316360473633,0.0,12481.316360473633,0.0,0.0,0.0,0.0
2023-09-18,12481.316360473633,0.0,12481.316360473633,0.0,0.0,0.0,0.0
2023-09-19,12481.316360473633,0.0,12481.316360473633,0.0,0.0,0.0,0.0
2023-09-20,8952.846481323242,3528.4698791503906,12481.316360473633,0.0,11.0,0.0,0.0
2023-09-21,8952.846481323242,3514.8299865722656,12467.676467895508,0.0,11.0,0.0,0.0
2023-09-22,8952.846481323242,3487.110107421875,12439.956588745117,0.0,11.0,0.0,0.0
2023-09-25,8952.846481323242,3492.9400939941406,12445.786575317383,0.0,11.0,0.0,0.0
2023-09-26,8952.846481323242,3433.5401611328125,12386.386642456055,0.0,11.0,0.0,0.0
2023-09-27,6225.966598510742,6167.569976806641,12393.536575317383,16.0,11.0,0.0,0.0
2023-09-28,6225.966598510742,6181.0802001953125,12407.046798706055,16.0,11.0,0.0,0.0
2023-09-29,8965.326705932617,3473.25,12438.576705932617,0.0,11.0,0.0,0.0
2023-10-02,8965.326705932617,3539.7998657226562,12505.126571655273,0.0,11.0,0.0,0.0
2023-10-03,8965.326705932617,3447.2901611328125,12412.61686706543,0.0,11.0,0.0,0.0
2023-10-04,8965.326705932617,3508.5599060058594,12473.886611938477,0.0,11.0,0.0,0.0
2023-10-05,8965.326705932617,3512.9598388671875,12478.286544799805,0.0,11.0,0.0,0.0
2023-10-06,12565.186813354492,0.0,12565.186813354492,0.0,0.0,0.0,0.0
2023-10-09,12565.186813354492,0.0,12565.186813354492,0.0,0.0,0.0,0.0
2023-10-10,12565.186813354492,0.0,12565.186813354492,0.0,0.0,0.0,0.0
2023-10-11,12565.186813354492,0.0,12565.186813354492,0.0,0.0,0.0,0.0
2023-10-12,12565.186813354492,0.0,12565.186813354492,0.0,0.0,0.0,0.0
2023-10-13,12565.186813354492,0.0,12565.186813354492,0.0,0.0,0.0,0.0
2023-10-16,12565.186813354492,0.0,12565.186813354492,0.0,0.0,0.0,0.0
2023-10-17,12565.186813354492,0.0,12565.186813354492,0.0,0.0,0.0,0.0
2023-10-18,12565.186813354492,0.0,12565.186813354492,0.0,0.0,0.0,0.0
2023-10-19,12565.186813354492,0.0,12565.186813354492,0.0,0.0,0.0,0.0
2023-10-20,12565.186813354492,0.0,12565.186813354492,0.0,0.0,0.0,0.0
2023-10-23,12565.186813354492,0.0,12565.186813354492,0.0,0.0,0.0,0.0
2023-10-24,12565.186813354492,0.0,12565.186813354492,0.0,0.0,0.0,0.0
2023-10-25,8796.886795043945,3768.300018310547,12565.186813354492,0.0,0.0,30.0,0.0
2023-10-26,6293.536804199219,6171.749954223633,12465.286758422852,15.0,0.0,30.0,0.0
2023-10-27,6293.536804199219,6188.399963378906,12481.936767578125,15.0,0.0,30.0,0.0
2023-10-30,6293.536804199219,6288.149871826172,12581.68667602539,15.0,0.0,30.0,0.0
2023-10-31,8855.086868286133,3722.40005493164,12577.486923217773,0.0,0.0,30.0,0.0
2023-11-01,8855.086868286133,3793.499908447266,12648.586776733398,0.0,0.0,30.0,0.0
2023-11-02,12679.786804199219,0.0,12679.786804199219,0.0,0.0,0.0,0.0
2023-11-03,12679.786804199219,0.0,12679.786804199219,0.0,0.0,0.0,0.0
2023-11-06,12679.786804199219,0.0,12679.786804199219,0.0,0.0,0.0,0.0
2023-11-07,12679.786804199219,0.0,12679.786804199219,0.0,0.0,0.0,0.0
2023-11-08,12679.786804199219,0.0,12679.786804199219,0.0,0.0,0.0,0.0
2023-11-09,12679.786804199219,0.0,12679.786804199219,0.0,0.0,0.0,0.0
2023-11-10,12679.786804199219,0.0,12679.786804199219,0.0,0.0,0.0,0.0
2023-11-13,12679.786804199219,0.0,12679.786804199219,0.0,0.0,0.0,0.0
2023-11-14,12679.786804199219,0.0,12679.786804199219,0.0,0.0,0.0,0.0
2023-11-15,12679.786804199219,0.0,12679.786804199219,0.0,0.0,0.0,0.0
2023-11-16,12679.786804199219,0.0,12679.786804199219,0.0,0.0,0.0,0.0
2023-11-17,12679.786804199219,0.0,12679.786804199219,0.0,0.0,0.0,0.0
2023-11-20,12679.786804199219,0.0,12679.786804199219,0.0,0.0,0.0,0.0
2023-11-21,12679.786804199219,0.0,12679.786804199219,0.0,0.0,0.0,0.0
2023-11-22,12679.786804199219,0.0,12679.786804199219,0.0,0.0,0.0,0.0
2023-11-24,12679.786804199219,0.0,12679.786804199219,0.0,0.0,0.0,0.0
2023-11-27,12679.786804199219,0.0,12679.786804199219,0.0,0.0,0.0,0.0
2023-11-28,12679.786804199219,0.0,12679.786804199219,0.0,0.0,0.0,0.0
2023-11-29,12679.786804199219,0.0,12679.786804199219,0.0,0.0,0.0,0.0
2023-11-30,12679.786804199219,0.0,12679.786804199219,0.0,0.0,0.0,0.0
2023-12-01,12679.786804199219,0.0,12679.786804199219,0.0,0.0,0.0,0.0
2023-12-04,12679.786804199219,0.0,12679.786804199219,0.0,0.0,0.0,0.0
2023-12-05,12679.786804199219,0.0,12679.786804199219,0.0,0.0,0.0,0.0
2023-12-06,12679.786804199219,0.0,12679.786804199219,0.0,0.0,0.0,0.0
2023-12-07,12679.786804199219,0.0,12679.786804199219,0.0,0.0,0.0,0.0
2023-12-08,12679.786804199219,0.0,12679.786804199219,0.0,0.0,0.0,0.0
2023-12-11,12679.786804199219,0.0,12679.786804199219,0.0,0.0,0.0,0.0
2023-12-12,12679.786804199219,0.0,12679.786804199219,0.0,0.0,0.0,0.0
2023-12-13,12679.786804199219,0.0,12679.786804199219,0.0,0.0,0.0,0.0
2023-12-14,12679.786804199219,0.0,12679.786804199219,0.0,0.0,0.0,0.0
2023-12-15,12679.786804199219,0.0,12679.786804199219,0.0,0.0,0.0,0.0
2023-12-18,12679.786804199219,0.0,12679.786804199219,0.0,0.0,0.0,0.0
2023-12-19,12679.786804199219,0.0,12679.786804199219,0.0,0.0,0.0,0.0
2023-12-20,12679.786804199219,0.0,12679.786804199219,0.0,0.0,0.0,0.0
2023-12-21,12679.786804199219,0.0,12679.786804199219,0.0,0.0,0.0,0.0
2023-12-22,12679.786804199219,0.0,12679.786804199219,0.0,0.0,0.0,0.0
2023-12-26,12679.786804199219,0.0,12679.786804199219,0.0,0.0,0.0,0.0
2023-12-27,12679.786804199219,0.0,12679.786804199219,0.0,0.0,0.0,0.0
2023-12-28,12679.786804199219,0.0,12679.786804199219,0.0,0.0,0.0,0.0
2023-12-29,12679.786804199219,0.0,12679.786804199219,0.0,0.0,0.0,0.0
2024-01-02,12679.786804199219,0.0,12679.786804199219,0.0,0.0,0.0,0.0
2024-01-03,12679.786804199219,0.0,12679.786804199219,0.0,0.0,0.0,0.0
2024-01-04,12679.786804199219,0.0,12679.786804199219,0.0,0.0,0.0,0.0
2024-01-05,12679.786804199219,0.0,12679.786804199219,0.0,0.0,0.0,0.0
2024-01-08,12679.786804199219,0.0,12679.786804199219,0.0,0.0,0.0,0.0
2024-01-09,12679.786804199219,0.0,12679.786804199219,0.0,0.0,0.0,0.0
2024-01-10,12679.786804199219,0.0,12679.786804199219,0.0,0.0,0.0,0.0
2024-01-11,12679.786804199219,0.0,12679.786804199219,0.0,0.0,0.0,0.0
2024-01-12,12679.786804199219,0.0,12679.786804199219,0.0,0.0,0.0,0.0
2024-01-16,12679.786804199219,0.0,12679.786804199219,0.0,0.0,0.0,0.0
2024-01-17,12679.786804199219,0.0,12679.786804199219,0.0,0.0,0.0,0.0
2024-01-18,12679.786804199219,0.0,12679.786804199219,0.0,0.0,0.0,0.0
2024-01-19,12679.786804199219,0.0,12679.786804199219,0.0,0.0,0.0,0.0
2024-01-22,12679.786804199219,0.0,12679.786804199219,0.0,0.0,0.0,0.0
2024-01-23,12679.786804199219,0.0,12679.786804199219,0.0,0.0,0.0,0.0
2024-01-24,12679.786804199219,0.0,12679.786804199219,0.0,0.0,0.0,0.0
2024-01-25,12679.786804199219,0.0,12679.786804199219,0.0,0.0,0.0,0.0
2024-01-26,12679.786804199219,0.0,12679.786804199219,0.0,0.0,0.0,0.0
2024-01-29,12679.786804199219,0.0,12679.786804199219,0.0,0.0,0.0,0.0
2024-01-30,12679.786804199219,0.0,12679.786804199219,0.0,0.0,0.0,0.0
2024-01-31,12679.786804199219,0.0,12679.786804199219,0.0,0.0,0.0,0.0
2024-02-01,12679.786804199219,0.0,12679.786804199219,0.0,0.0,0.0,0.0
2024-02-02,12679.786804199219,0.0,12679.786804199219,0.0,0.0,0.0,0.0
2024-02-05,12679.786804199219,0.0,12679.786804199219,0.0,0.0,0.0,0.0
2024-02-06,12679.786804199219,0.0,12679.786804199219,0.0,0.0,0.0,0.0
2024-02-07,12679.786804199219,0.0,12679.786804199219,0.0,0.0,0.0,0.0
2024-02-08,12679.786804199219,0.0,12679.786804199219,0.0,0.0,0.0,0.0
2024-02-09,12679.786804199219,0.0,12679.786804199219,0.0,0.0,0.0,0.0
2024-02-12,12679.786804199219,0.0,12679.786804199219,0.0,0.0,0.0,0.0
2024-02-13,12679.786804199219,0.0,12679.786804199219,0.0,0.0,0.0,0.0
2024-02-14,12679.786804199219,0.0,12679.786804199219,0.0,0.0,0.0,0.0
2024-02-15,12679.786804199219,0.0,12679.786804199219,0.0,0.0,0.0,0.0
2024-02-16,12679.786804199219,0.0,12679.786804199219,0.0,0.0,0.0,0.0
2024-02-20,12679.786804199219,0.0,12679.786804199219,0.0,0.0,0.0,0.0
2024-02-21,12679.786804199219,0.0,12679.786804199219,0.0,0.0,0.0,0.0
2024-02-22,12679.786804199219,0.0,12679.786804199219,0.0,0.0,0.0,0.0
2024-02-23,12679.786804199219,0.0,12679.786804199219,0.0,0.0,0.0,0.0
2024-02-26,12679.786804199219,0.0,12679.786804199219,0.0,0.0,0.0,0.0
2024-02-27,12679.786804199219,0.0,12679.786804199219,0.0,0.0,0.0,0.0
2024-02-28,12679.786804199219,0.0,12679.786804199219,0.0,0.0,0.0,0.0
2024-02-29,12679.786804199219,0.0,12679.786804199219,0.0,0.0,0.0,0.0
2024-03-01,12679.786804199219,0.0,12679.786804199219,0.0,0.0,0.0,0.0
2024-03-04,12679.786804199219,0.0,12679.786804199219,0.0,0.0,0.0,0.0
2024-03-05,8767.026916503906,3912.7598876953125,12679.786804199219,23.0,0.0,0.0,0.0
2024-03-06,8767.026916503906,3889.7598876953125,12656.786804199219,23.0,0.0,0.0,0.0
2024-03-07,8767.026916503906,3887.0,12654.026916503906,23.0,0.0,0.0,0.0
2024-03-08,12693.816818237305,0.0,12693.816818237305,0.0,0.0,0.0,0.0
2024-03-11,12693.816818237305,0.0,12693.816818237305,0.0,0.0,0.0,0.0
2024-03-12,12693.816818237305,0.0,12693.816818237305,0.0,0.0,0.0,0.0
2024-03-13,12693.816818237305,0.0,12693.816818237305,0.0,0.0,0.0,0.0
2024-03-14,12693.816818237305,0.0,12693.816818237305,0.0,0.0,0.0,0.0
2024-03-15,12693.816818237305,0.0,12693.816818237305,0.0,0.0,0.0,0.0
2024-03-18,12693.816818237305,0.0,12693.816818237305,0.0,0.0,0.0,0.0
2024-03-19,12693.816818237305,0.0,12693.816818237305,0.0,0.0,0.0,0.0
2024-03-20,12693.816818237305,0.0,12693.816818237305,0.0,0.0,0.0,0.0
2024-03-21,12693.816818237305,0.0,12693.816818237305,0.0,0.0,0.0,0.0
2024-03-22,12693.816818237305,0.0,12693.816818237305,0.0,0.0,0.0,0.0
2024-03-25,12693.816818237305,0.0,12693.816818237305,0.0,0.0,0.0,0.0
2024-03-26,8790.48666381836,3903.3301544189453,12693.816818237305,23.0,0.0,0.0,0.0
2024-03-27,12776.616607666016,0.0,12776.616607666016,0.0,0.0,0.0,0.0
2024-03-28,12776.616607666016,0.0,12776.616607666016,0.0,0.0,0.0,0.0
2024-04-01,8865.926635742188,3910.689971923828,12776.616607666016,23.0,0.0,0.0,0.0
2024-04-02,8865.926635742188,3883.3199157714844,12749.246551513672,23.0,0.0,0.0,0.0
2024-04-03,8865.926635742188,3901.9498596191406,12767.876495361328,23.0,0.0,0.0,0.0
2024-04-04,8865.926635742188,3882.8601684570312,12748.786804199219,23.0,0.0,0.0,0.0
2024-04-05,8865.926635742188,3900.340042114258,12766.266677856445,23.0,0.0,0.0,0.0
2024-04-08,8865.926635742188,3874.3499298095703,12740.276565551758,23.0,0.0,0.0,0.0
2024-04-09,8865.926635742188,3902.409957885742,12768.33659362793,23.0,0.0,0.0,0.0
2024-04-10,8865.926635742188,3858.939971923828,12724.866607666016,23.0,0.0,0.0,0.0
2024-04-11,12891.846481323242,0.0,12891.846481323242,0.0,0.0,0.0,0.0
2024-04-12,12891.846481323242,0.0,12891.846481323242,0.0,0.0,0.0,0.0
2024-04-15,12891.846481323242,0.0,12891.846481323242,0.0,0.0,0.0,0.0
2024-04-16,8996.106369018555,3895.7401123046875,12891.846481323242,23.0,0.0,0.0,0.0
2024-04-17,8996.106369018555,3864.0,12860.106369018555,23.0,0.0,0.0,0.0
2024-04-18,8996.106369018555,3841.9198455810547,12838.02621459961,23.0,0.0,0.0,0.0
2024-04-19,8996.106369018555,3795.0,12791.106369018555,23.0,0.0,0.0,0.0
2024-04-22,8996.106369018555,3814.3199157714844,12810.426284790039,23.0,0.0,0.0,0.0
2024-04-23,8996.106369018555,3838.6998596191406,12834.806228637695,23.0,0.0,0.0,0.0
2024-04-24,8996.106369018555,3887.4600982666016,12883.566467285156,23.0,0.0,0.0,0.0
2024-04-25,8996.106369018555,3907.469985961914,12903.576354980469,23.0,0.0,0.0,0.0
2024-04-26,8996.106369018555,3893.9000701904297,12890.006439208984,23.0,0.0,0.0,0.0
2024-04-29,12986.606369018555,0.0,12986.606369018555,0.0,0.0,0.0,0.0
2024-04-30,8898.686325073242,4087.9200439453125,12986.606369018555,24.0,0.0,0.0,0.0
2024-05-01,8898.686325073242,4063.2000732421875,12961.88639831543,24.0,0.0,0.0,0.0
2024-05-02,13051.406295776367,0.0,13051.406295776367,0.0,0.0,0.0,0.0
2024-05-03,13051.406295776367,0.0,13051.406295776367,0.0,0.0,0.0,0.0
2024-05-06,13051.406295776367,0.0,13051.406295776367,0.0,0.0,0.0,0.0
2024-05-07,13051.406295776367,0.0,13051.406295776367,0.0,0.0,0.0,0.0
2024-05-08,13051.406295776367,0.0,13051.406295776367,0.0,0.0,0.0,0.0
2024-05-09,13051.406295776367,0.0,13051.406295776367,0.0,0.0,0.0,0.0
2024-05-10,13051.406295776367,0.0,13051.406295776367,0.0,0.0,0.0,0.0
2024-05-13,13051.406295776367,0.0,13051.406295776367,0.0,0.0,0.0,0.0
2024-05-14,13051.406295776367,0.0,13051.406295776367,0.0,0.0,0.0,0.0
2024-05-15,13051.406295776367,0.0,13051.406295776367,0.0,0.0,0.0,0.0
2024-05-16,13051.406295776367,0.0,13051.406295776367,0.0,0.0,0.0,0.0
2024-05-17,13051.406295776367,0.0,13051.406295776367,0.0,0.0,0.0,0.0
2024-05-20,13051.406295776367,0.0,13051.406295776367,0.0,0.0,0.0,0.0
2024-05-21,13051.406295776367,0.0,13051.406295776367,0.0,0.0,0.0,0.0
2024-05-22,13051.406295776367,0.0,13051.406295776367,0.0,0.0,0.0,0.0
2024-05-23,13051.406295776367,0.0,13051.406295776367,0.0,0.0,0.0,0.0
2024-05-24,13051.406295776367,0.0,13051.406295776367,0.0,0.0,0.0,0.0
2024-05-28,13051.406295776367,0.0,13051.406295776367,0.0,0.0,0.0,0.0
2024-05-29,13051.406295776367,0.0,13051.406295776367,0.0,0.0,0.0,0.0
2024-05-30,13051.406295776367,0.0,13051.406295776367,0.0,0.0,0.0,0.0
2024-05-31,13051.406295776367,0.0,13051.406295776367,0.0,0.0,0.0,0.0
2024-06-03,13051.406295776367,0.0,13051.406295776367,0.0,0.0,0.0,0.0
2024-06-04,13051.406295776367,0.0,13051.406295776367,0.0,0.0,0.0,0.0
2024-06-05,13051.406295776367,0.0,13051.406295776367,0.0,0.0,0.0,0.0
2024-06-06,13051.406295776367,0.0,13051.406295776367,0.0,0.0,0.0,0.0
2024-06-07,13051.406295776367,0.0,13051.406295776367,0.0,0.0,0.0,0.0
2024-06-10,13051.406295776367,0.0,13051.406295776367,0.0,0.0,0.0,0.0
2024-06-11,13051.406295776367,0.0,13051.406295776367,0.0,0.0,0.0,0.0
2024-06-12,13051.406295776367,0.0,13051.406295776367,0.0,0.0,0.0,0.0
2024-06-13,13051.406295776367,0.0,13051.406295776367,0.0,0.0,0.0,0.0
2024-06-14,13051.406295776367,0.0,13051.406295776367,0.0,0.0,0.0,0.0
2024-06-17,13051.406295776367,0.0,13051.406295776367,0.0,0.0,0.0,0.0
2024-06-18,13051.406295776367,0.0,13051.406295776367,0.0,0.0,0.0,0.0
2024-06-20,13051.406295776367,0.0,13051.406295776367,0.0,0.0,0.0,0.0
2024-06-21,13051.406295776367,0.0,13051.406295776367,0.0,0.0,0.0,0.0
2024-06-24,13051.406295776367,0.0,13051.406295776367,0.0,0.0,0.0,0.0
2024-06-25,13051.406295776367,0.0,13051.406295776367,0.0,0.0,0.0,0.0
2024-06-26,13051.406295776367,0.0,13051.406295776367,0.0,0.0,0.0,0.0
2024-06-27,13051.406295776367,0.0,13051.406295776367,0.0,0.0,0.0,0.0
2024-06-28,13051.406295776367,0.0,13051.406295776367,0.0,0.0,0.0,0.0
2024-07-01,13051.406295776367,0.0,13051.406295776367,0.0,0.0,0.0,0.0
2024-07-02,13051.406295776367,0.0,13051.406295776367,0.0,0.0,0.0,0.0
2024-07-03,13051.406295776367,0.0,13051.406295776367,0.0,0.0,0.0,0.0
2024-07-05,13051.406295776367,0.0,13051.406295776367,0.0,0.0,0.0,0.0
2024-07-08,13051.406295776367,0.0,13051.406295776367,0.0,0.0,0.0,0.0
2024-07-09,13051.406295776367,0.0,13051.406295776367,0.0,0.0,0.0,0.0
2024-07-10,13051.406295776367,0.0,13051.406295776367,0.0,0.0,0.0,0.0
2024-07-11,13051.406295776367,0.0,13051.406295776367,0.0,0.0,0.0,0.0
2024-07-12,13051.406295776367,0.0,13051.406295776367,0.0,0.0,0.0,0.0
2024-07-15,13051.406295776367,0.0,13051.406295776367,0.0,0.0,0.0,0.0
2024-07-16,13051.406295776367,0.0,13051.406295776367,0.0,0.0,0.0,0.0
2024-07-17,13051.406295776367,0.0,13051.406295776367,0.0,0.0,0.0,0.0
2024-07-18,13051.406295776367,0.0,13051.406295776367,0.0,0.0,0.0,0.0
2024-07-19,13051.406295776367,0.0,13051.406295776367,0.0,0.0,0.0,0.0
2024-07-22,13051.406295776367,0.0,13051.406295776367,0.0,0.0,0.0,0.0
2024-07-23,13051.406295776367,0.0,13051.406295776367,0.0,0.0,0.0,0.0
2024-07-24,13051.406295776367,0.0,13051.406295776367,0.0,0.0,0.0,0.0
2024-07-25,13051.406295776367,0.0,13051.406295776367,0.0,0.0,0.0,0.0
2024-07-26,13051.406295776367,0.0,13051.406295776367,0.0,0.0,0.0,0.0
2024-07-29,13051.406295776367,0.0,13051.406295776367,0.0,0.0,0.0,0.0
2024-07-30,13051.406295776367,0.0,13051.406295776367,0.0,0.0,0.0,0.0
2024-07-31,13051.406295776367,0.0,13051.406295776367,0.0,0.0,0.0,0.0
2024-08-01,13051.406295776367,0.0,13051.406295776367,0.0,0.0,0.0,0.0
2024-08-02,13051.406295776367,0.0,13051.406295776367,0.0,0.0,0.0,0.0
2024-08-05,13051.406295776367,0.0,13051.406295776367,0.0,0.0,0.0,0.0
2024-08-06,13051.406295776367,0.0,13051.406295776367,0.0,0.0,0.0,0.0
2024-08-07,13051.406295776367,0.0,13051.406295776367,0.0,0.0,0.0,0.0
2024-08-08,13051.406295776367,0.0,13051.406295776367,0.0,0.0,0.0,0.0
2024-08-09,13051.406295776367,0.0,13051.406295776367,0.0,0.0,0.0,0.0
2024-08-12,13051.406295776367,0.0,13051.406295776367,0.0,0.0,0.0,0.0
2024-08-13,13051.406295776367,0.0,13051.406295776367,0.0,0.0,0.0,0.0
2024-08-14,13051.406295776367,0.0,13051.406295776367,0.0,0.0,0.0,0.0
2024-08-15,13051.406295776367,0.0,13051.406295776367,0.0,0.0,0.0,0.0
2024-08-16,13051.406295776367,0.0,13051.406295776367,0.0,0.0,0.0,0.0
2024-08-19,13051.406295776367,0.0,13051.406295776367,0.0,0.0,0.0,0.0
2024-08-20,13051.406295776367,0.0,13051.406295776367,0.0,0.0,0.0,0.0
2024-08-21,13051.406295776367,0.0,13051.406295776367,0.0,0.0,0.0,0.0
2024-08-22,13051.406295776367,0.0,13051.406295776367,0.0,0.0,0.0,0.0
2024-08-23,13051.406295776367,0.0,13051.406295776367,0.0,0.0,0.0,0.0
2024-08-26,13051.406295776367,0.0,13051.406295776367,0.0,0.0,0.0,0.0
2024-08-27,13051.406295776367,0.0,13051.406295776367,0.0,0.0,0.0,0.0
2024-08-28,13051.406295776367,0.0,13051.406295776367,0.0,0.0,0.0,0.0
2024-08-29,13051.406295776367,0.0,13051.406295776367,0.0,0.0,0.0,0.0
2024-08-30,13051.406295776367,0.0,13051.406295776367,0.0,0.0,0.0,0.0
2024-09-03,13051.406295776367,0.0,13051.406295776367,0.0,0.0,0.0,0.0
2024-09-04,13051.406295776367,0.0,13051.406295776367,0.0,0.0,0.0,0.0
2024-09-05,13051.406295776367,0.0,13051.406295776367,0.0,0.0,0.0,0.0
2024-09-06,13051.406295776367,0.0,13051.406295776367,0.0,0.0,0.0,0.0
2024-09-09,13051.406295776367,0.0,13051.406295776367,0.0,0.0,0.0,0.0
2024-09-10,13051.406295776367,0.0,13051.406295776367,0.0,0.0,0.0,0.0
2024-09-11,13051.406295776367,0.0,13051.406295776367,0.0,0.0,0.0,0.0
2024-09-12,13051.406295776367,0.0,13051.406295776367,0.0,0.0,0.0,0.0
2024-09-13,13051.406295776367,0.0,13051.406295776367,0.0,0.0,0.0,0.0
2024-09-16,13051.406295776367,0.0,13051.406295776367,0.0,0.0,0.0,0.0
2024-09-17,13051.406295776367,0.0,13051.406295776367,0.0,0.0,0.0,0.0
2024-09-18,13051.406295776367,0.0,13051.406295776367,0.0,0.0,0.0,0.0
2024-09-19,13051.406295776367,0.0,13051.406295776367,0.0,0.0,0.0,0.0
2024-09-20,13051.406295776367,0.0,13051.406295776367,0.0,0.0,0.0,0.0
2024-09-23,13051.406295776367,0.0,13051.406295776367,0.0,0.0,0.0,0.0
2024-09-24,13051.406295776367,0.0,13051.406295776367,0.0,0.0,0.0,0.0
2024-09-25,13051.406295776367,0.0,13051.406295776367,0.0,0.0,0.0,0.0
2024-09-26,13051.406295776367,0.0,13051.406295776367,0.0,0.0,0.0,0.0
2024-09-27,13051.406295776367,0.0,13051.406295776367,0.0,0.0,0.0,0.0
2024-09-30,13051.406295776367,0.0,13051.406295776367,0.0,0.0,0.0,0.0
2024-10-01,13051.406295776367,0.0,13051.406295776367,0.0,0.0,0.0,0.0
2024-10-02,13051.406295776367,0.0,13051.406295776367,0.0,0.0,0.0,0.0
2024-10-03,13051.406295776367,0.0,13051.406295776367,0.0,0.0,0.0,0.0
2024-10-04,13051.406295776367,0.0,13051.406295776367,0.0,0.0,0.0,0.0
2024-10-07,13051.406295776367,0.0,13051.406295776367,0.0,0.0,0.0,0.0
2024-10-08,13051.406295776367,0.0,13051.406295776367,0.0,0.0,0.0,0.0
2024-10-09,13051.406295776367,0.0,13051.406295776367,0.0,0.0,0.0,0.0
2024-10-10,13051.406295776367,0.0,13051.406295776367,0.0,0.0,0.0,0.0
2024-10-11,13051.406295776367,0.0,13051.406295776367,0.0,0.0,0.0,0.0
2024-10-14,13051.406295776367,0.0,13051.406295776367,0.0,0.0,0.0,0.0
2024-10-15,13051.406295776367,0.0,13051.406295776367,0.0,0.0,0.0,0.0
2024-10-16,13051.406295776367,0.0,13051.406295776367,0.0,0.0,0.0,0.0
2024-10-17,13051.406295776367,0.0,13051.406295776367,0.0,0.0,0.0,0.0
2024-10-18,13051.406295776367,0.0,13051.406295776367,0.0,0.0,0.0,0.0
2024-10-21,13051.406295776367,0.0,13051.406295776367,0.0,0.0,0.0,0.0
2024-10-22,13051.406295776367,0.0,13051.406295776367,0.0,0.0,0.0,0.0
2024-10-23,13051.406295776367,0.0,13051.406295776367,0.0,0.0,0.0,0.0
2024-10-24,13051.406295776367,0.0,13051.406295776367,0.0,0.0,0.0,0.0
2024-10-25,13051.406295776367,0.0,13051.406295776367,0.0,0.0,0.0,0.0
2024-10-28,13051.406295776367,0.0,13051.406295776367,0.0,0.0,0.0,0.0
2024-10-29,13051.406295776367,0.0,13051.406295776367,0.0,0.0,0.0,0.0
2024-10-30,13051.406295776367,0.0,13051.406295776367,0.0,0.0,0.0,0.0
2024-10-31,13051.406295776367,0.0,13051.406295776367,0.0,0.0,0.0,0.0
2024-11-01,13051.406295776367,0.0,13051.406295776367,0.0,0.0,0.0,0.0
2024-11-04,13051.406295776367,0.0,13051.406295776367,0.0,0.0,0.0,0.0
2024-11-05,13051.406295776367,0.0,13051.406295776367,0.0,0.0,0.0,0.0
2024-11-06,13051.406295776367,0.0,13051.406295776367,0.0,0.0,0.0,0.0
2024-11-07,13051.406295776367,0.0,13051.406295776367,0.0,0.0,0.0,0.0
2024-11-08,13051.406295776367,0.0,13051.406295776367,0.0,0.0,0.0,0.0
2024-11-11,13051.406295776367,0.0,13051.406295776367,0.0,0.0,0.0,0.0
2024-11-12,13051.406295776367,0.0,13051.406295776367,0.0,0.0,0.0,0.0
2024-11-13,13051.406295776367,0.0,13051.406295776367,0.0,0.0,0.0,0.0
2024-11-14,13051.406295776367,0.0,13051.406295776367,0.0,0.0,0.0,0.0
2024-11-15,13051.406295776367,0.0,13051.406295776367,0.0,0.0,0.0,0.0
2024-11-18,13051.406295776367,0.0,13051.406295776367,0.0,0.0,0.0,0.0
2024-11-19,13051.406295776367,0.0,13051.406295776367,0.0,0.0,0.0,0.0
2024-11-20,13051.406295776367,0.0,13051.406295776367,0.0,0.0,0.0,0.0
2024-11-21,13051.406295776367,0.0,13051.406295776367,0.0,0.0,0.0,0.0
2024-11-22,13051.406295776367,0.0,13051.406295776367,0.0,0.0,0.0,0.0
2024-11-25,13051.406295776367,0.0,13051.406295776367,0.0,0.0,0.0,0.0
2024-11-26,13051.406295776367,0.0,13051.406295776367,0.0,0.0,0.0,0.0
2024-11-27,13051.406295776367,0.0,13051.406295776367,0.0,0.0,0.0,0.0
2024-11-29,13051.406295776367,0.0,13051.406295776367,0.0,0.0,0.0,0.0
2024-12-02,13051.406295776367,0.0,13051.406295776367,0.0,0.0,0.0,0.0
2024-12-03,13051.406295776367,0.0,13051.406295776367,0.0,0.0,0.0,0.0
2024-12-04,13051.406295776367,0.0,13051.406295776367,0.0,0.0,0.0,0.0
2024-12-05,13051.406295776367,0.0,13051.406295776367,0.0,0.0,0.0,0.0
2024-12-06,13051.406295776367,0.0,13051.406295776367,0.0,0.0,0.0,0.0
2024-12-09,13051.406295776367,0.0,13051.406295776367,0.0,0.0,0.0,0.0
2024-12-10,13051.406295776367,0.0,13051.406295776367,0.0,0.0,0.0,0.0
2024-12-11,13051.406295776367,0.0,13051.406295776367,0.0,0.0,0.0,0.0
2024-12-12,13051.406295776367,0.0,13051.406295776367,0.0,0.0,0.0,0.0
2024-12-13,13051.406295776367,0.0,13051.406295776367,0.0,0.0,0.0,0.0
2024-12-16,13051.406295776367,0.0,13051.406295776367,0.0,0.0,0.0,0.0
2024-12-17,13051.406295776367,0.0,13051.406295776367,0.0,0.0,0.0,0.0
2024-12-18,13051.406295776367,0.0,13051.406295776367,0.0,0.0,0.0,0.0
2024-12-19,13051.406295776367,0.0,13051.406295776367,0.0,0.0,0.0,0.0
2024-12-20,13051.406295776367,0.0,13051.406295776367,0.0,0.0,0.0,0.0
2024-12-23,13051.406295776367,0.0,13051.406295776367,0.0,0.0,0.0,0.0
2024-12-24,13051.406295776367,0.0,13051.406295776367,0.0,0.0,0.0,0.0
2024-12-26,13051.406295776367,0.0,13051.406295776367,0.0,0.0,0.0,0.0
2024-12-27,13051.406295776367,0.0,13051.406295776367,0.0,0.0,0.0,0.0
2024-12-30,13051.406295776367,0.0,13051.406295776367,0.0,0.0,0.0,0.0
